-- MySQL dump 10.13  Distrib 8.0.36, for Win64 (x86_64)
--
-- Host: localhost    Database: led_logs
-- ------------------------------------------------------
-- Server version	8.0.37

/*!40101 SET @OLD_CHARACTER_SET_CLIENT=@@CHARACTER_SET_CLIENT */;
/*!40101 SET @OLD_CHARACTER_SET_RESULTS=@@CHARACTER_SET_RESULTS */;
/*!40101 SET @OLD_COLLATION_CONNECTION=@@COLLATION_CONNECTION */;
/*!50503 SET NAMES utf8 */;
/*!40103 SET @OLD_TIME_ZONE=@@TIME_ZONE */;
/*!40103 SET TIME_ZONE='+00:00' */;
/*!40014 SET @OLD_UNIQUE_CHECKS=@@UNIQUE_CHECKS, UNIQUE_CHECKS=0 */;
/*!40014 SET @OLD_FOREIGN_KEY_CHECKS=@@FOREIGN_KEY_CHECKS, FOREIGN_KEY_CHECKS=0 */;
/*!40101 SET @OLD_SQL_MODE=@@SQL_MODE, SQL_MODE='NO_AUTO_VALUE_ON_ZERO' */;
/*!40111 SET @OLD_SQL_NOTES=@@SQL_NOTES, SQL_NOTES=0 */;

--
-- Table structure for table `data`
--

DROP TABLE IF EXISTS `data`;
/*!40101 SET @saved_cs_client     = @@character_set_client */;
/*!50503 SET character_set_client = utf8mb4 */;
CREATE TABLE `data` (
  `id` int NOT NULL AUTO_INCREMENT,
  `deviceID` int NOT NULL,
  `action` varchar(50) NOT NULL,
  `timestamp` datetime DEFAULT CURRENT_TIMESTAMP,
  PRIMARY KEY (`id`),
  KEY `deviceID` (`deviceID`),
  CONSTRAINT `data_ibfk_1` FOREIGN KEY (`deviceID`) REFERENCES `devices` (`id`)
) ENGINE=InnoDB AUTO_INCREMENT=29 DEFAULT CHARSET=utf8mb4 COLLATE=utf8mb4_0900_ai_ci;
/*!40101 SET character_set_client = @saved_cs_client */;

--
-- Dumping data for table `data`
--

LOCK TABLES `data` WRITE;
/*!40000 ALTER TABLE `data` DISABLE KEYS */;
INSERT INTO `data` VALUES (1,1,'off','2024-11-24 23:35:10'),(2,1,'on','2024-11-24 23:35:16'),(3,2,'on','2024-11-24 23:35:23'),(4,3,'on','2024-11-24 23:35:35'),(5,4,'on','2024-11-24 23:35:45'),(6,4,'off','2024-11-24 23:36:08'),(7,3,'off','2024-11-24 23:36:12'),(8,2,'off','2024-11-24 23:36:17'),(9,1,'off','2024-11-24 23:36:21'),(10,1,'on','2024-11-25 00:44:00'),(11,1,'off','2024-11-25 00:44:05'),(12,1,'on','2024-11-25 01:18:30'),(13,1,'off','2024-11-25 01:18:34'),(14,1,'on','2024-11-25 01:28:20'),(15,1,'off','2024-11-25 01:28:24'),(16,2,'on','2024-11-25 01:28:32'),(17,3,'on','2024-11-25 01:28:36'),(18,4,'on','2024-11-25 01:28:40'),(19,3,'off','2024-11-25 01:28:42'),(20,3,'off','2024-11-25 01:28:47'),(21,4,'off','2024-11-25 01:28:51'),(22,1,'off','2024-11-25 01:28:57'),(23,1,'on','2024-11-25 01:28:59'),(24,2,'off','2024-11-25 01:29:02'),(25,1,'off','2024-11-25 01:29:05'),(26,1,'on','2024-11-25 01:57:19'),(27,1,'off','2024-11-25 01:57:22'),(28,1,'on','2024-11-25 02:27:13');
/*!40000 ALTER TABLE `data` ENABLE KEYS */;
UNLOCK TABLES;

--
-- Table structure for table `devices`
--

DROP TABLE IF EXISTS `devices`;
/*!40101 SET @saved_cs_client     = @@character_set_client */;
/*!50503 SET character_set_client = utf8mb4 */;
CREATE TABLE `devices` (
  `id` int NOT NULL AUTO_INCREMENT,
  `name` varchar(255) NOT NULL,
  `status` bit(1) DEFAULT b'0',
  `roomID` int DEFAULT NULL,
  `esp32IP` varchar(50) NOT NULL,
  PRIMARY KEY (`id`),
  KEY `roomID` (`roomID`),
  CONSTRAINT `devices_ibfk_1` FOREIGN KEY (`roomID`) REFERENCES `rooms` (`id`) ON DELETE CASCADE
) ENGINE=InnoDB AUTO_INCREMENT=10 DEFAULT CHARSET=utf8mb4 COLLATE=utf8mb4_0900_ai_ci;
/*!40101 SET character_set_client = @saved_cs_client */;

--
-- Dumping data for table `devices`
--

LOCK TABLES `devices` WRITE;
/*!40000 ALTER TABLE `devices` DISABLE KEYS */;
INSERT INTO `devices` VALUES (1,'Light 1',_binary '',1,'192.168.101.65'),(2,'Fan 1',_binary '\0',1,'192.168.101.65'),(3,'Light 2',_binary '\0',2,'192.168.101.65'),(4,'Fan 2',_binary '\0',2,'192.168.101.65');
/*!40000 ALTER TABLE `devices` ENABLE KEYS */;
UNLOCK TABLES;

--
-- Table structure for table `rooms`
--

DROP TABLE IF EXISTS `rooms`;
/*!40101 SET @saved_cs_client     = @@character_set_client */;
/*!50503 SET character_set_client = utf8mb4 */;
CREATE TABLE `rooms` (
  `id` int NOT NULL AUTO_INCREMENT,
  `name` varchar(255) NOT NULL,
  `userID` int NOT NULL,
  `numberDevices` int DEFAULT '0',
  PRIMARY KEY (`id`),
  KEY `userID` (`userID`),
  CONSTRAINT `rooms_ibfk_1` FOREIGN KEY (`userID`) REFERENCES `users` (`id`) ON DELETE CASCADE
) ENGINE=InnoDB AUTO_INCREMENT=5 DEFAULT CHARSET=utf8mb4 COLLATE=utf8mb4_0900_ai_ci;
/*!40101 SET character_set_client = @saved_cs_client */;

--
-- Dumping data for table `rooms`
--

LOCK TABLES `rooms` WRITE;
/*!40000 ALTER TABLE `rooms` DISABLE KEYS */;
INSERT INTO `rooms` VALUES (1,'Phòng khách',1,2),(2,'Phòng ngủ',1,2),(3,'Phòng bếp',1,0),(4,'Phòng tắm',1,0);
/*!40000 ALTER TABLE `rooms` ENABLE KEYS */;
UNLOCK TABLES;

--
-- Table structure for table `sensor_data`
--

DROP TABLE IF EXISTS `sensor_data`;
/*!40101 SET @saved_cs_client     = @@character_set_client */;
/*!50503 SET character_set_client = utf8mb4 */;
CREATE TABLE `sensor_data` (
  `id` int NOT NULL AUTO_INCREMENT,
  `temperature` float NOT NULL,
  `humidity` float NOT NULL,
  `timestamp` datetime DEFAULT CURRENT_TIMESTAMP,
  PRIMARY KEY (`id`)
) ENGINE=InnoDB AUTO_INCREMENT=1879 DEFAULT CHARSET=utf8mb4 COLLATE=utf8mb4_0900_ai_ci;
/*!40101 SET character_set_client = @saved_cs_client */;

--
-- Dumping data for table `sensor_data`
--

LOCK TABLES `sensor_data` WRITE;
/*!40000 ALTER TABLE `sensor_data` DISABLE KEYS */;
INSERT INTO `sensor_data` VALUES (1,30,56.2,'2024-11-24 21:38:13'),(2,30,55.9,'2024-11-24 21:38:23'),(3,30,55.4,'2024-11-24 21:38:33'),(4,30,55.3,'2024-11-24 21:38:43'),(5,30,55.2,'2024-11-24 21:38:53'),(6,30,55.4,'2024-11-24 21:39:03'),(7,30,55.3,'2024-11-24 21:39:13'),(8,30,55.2,'2024-11-24 21:39:23'),(9,30,55.3,'2024-11-24 21:39:33'),(10,30,55.2,'2024-11-24 21:39:43'),(11,30,55.2,'2024-11-24 21:39:53'),(12,30,55.5,'2024-11-24 21:40:03'),(13,30,55.5,'2024-11-24 21:40:13'),(14,30,55.3,'2024-11-24 21:40:23'),(15,30,55.9,'2024-11-24 21:40:33'),(16,30,55.8,'2024-11-24 21:40:43'),(17,30,55.7,'2024-11-24 21:40:53'),(18,30,55.5,'2024-11-24 21:41:03'),(19,25.5,60.2,'2024-11-24 21:41:08'),(20,30,55.4,'2024-11-24 21:41:13'),(21,30,55.3,'2024-11-24 21:41:23'),(22,30,55.4,'2024-11-24 21:41:33'),(23,30,55.7,'2024-11-24 21:41:43'),(24,30,56.4,'2024-11-24 21:41:53'),(25,30,56.1,'2024-11-24 21:42:03'),(26,30,56.8,'2024-11-24 21:42:13'),(27,30,56.5,'2024-11-24 21:42:23'),(28,30,56.1,'2024-11-24 21:42:33'),(29,30,55.9,'2024-11-24 21:42:43'),(30,30,55.8,'2024-11-24 21:42:53'),(31,30,56.2,'2024-11-24 21:43:03'),(32,30,56.1,'2024-11-24 21:43:13'),(33,30,55.8,'2024-11-24 21:43:23'),(34,30,55.7,'2024-11-24 21:43:33'),(35,30,55.8,'2024-11-24 21:43:43'),(36,30,55.8,'2024-11-24 21:43:53'),(37,30,56,'2024-11-24 21:44:03'),(38,30,56.1,'2024-11-24 21:44:13'),(39,30,55.7,'2024-11-24 21:44:23'),(40,30,56.5,'2024-11-24 21:44:33'),(41,30,56.6,'2024-11-24 21:44:43'),(42,30,56.2,'2024-11-24 21:44:53'),(43,30,56,'2024-11-24 21:45:03'),(44,29.9,55.6,'2024-11-24 21:45:13'),(45,29.9,55.5,'2024-11-24 21:45:23'),(46,29.9,55.5,'2024-11-24 21:45:33'),(47,29.9,55.3,'2024-11-24 21:45:43'),(48,29.8,55.3,'2024-11-24 21:45:53'),(49,29.8,55.1,'2024-11-24 21:46:03'),(50,29.8,54.8,'2024-11-24 21:46:13'),(51,29.8,54.3,'2024-11-24 21:46:23'),(52,29.8,53.9,'2024-11-24 21:46:33'),(53,29.8,53.7,'2024-11-24 21:46:43'),(54,29.8,53.4,'2024-11-24 21:46:53'),(55,29.8,53.1,'2024-11-24 21:47:03'),(56,29.8,52.8,'2024-11-24 21:47:13'),(57,29.8,52.7,'2024-11-24 21:47:23'),(58,29.8,52.4,'2024-11-24 21:47:33'),(59,29.8,52.1,'2024-11-24 21:47:43'),(60,29.8,51.9,'2024-11-24 21:47:53'),(61,29.8,51.7,'2024-11-24 21:48:03'),(62,29.8,51.6,'2024-11-24 21:48:13'),(63,29.8,51.5,'2024-11-24 21:48:23'),(64,29.8,51.4,'2024-11-24 21:48:33'),(65,29.8,51.3,'2024-11-24 21:48:43'),(66,29.8,51.2,'2024-11-24 21:48:53'),(67,29.8,50.9,'2024-11-24 21:49:03'),(68,29.8,50.8,'2024-11-24 21:49:13'),(69,29.8,50.7,'2024-11-24 21:49:23'),(70,29.8,50.7,'2024-11-24 21:49:33'),(71,29.8,50.6,'2024-11-24 21:49:43'),(72,29.7,50.5,'2024-11-24 21:49:53'),(73,29.7,50.5,'2024-11-24 21:50:03'),(74,29.7,50.5,'2024-11-24 21:50:13'),(75,29.7,50.5,'2024-11-24 21:50:23'),(76,29.7,50.4,'2024-11-24 21:50:33'),(77,29.7,50.3,'2024-11-24 21:50:43'),(78,29.7,50.3,'2024-11-24 21:50:53'),(79,29.7,50.3,'2024-11-24 21:51:03'),(80,29.7,50.4,'2024-11-24 21:51:13'),(81,29.7,50.3,'2024-11-24 21:51:23'),(82,29.7,50.3,'2024-11-24 21:51:33'),(83,29.7,50.2,'2024-11-24 21:51:43'),(84,29.7,50.2,'2024-11-24 21:51:53'),(85,29.7,50.2,'2024-11-24 21:52:03'),(86,29.7,50.2,'2024-11-24 21:52:13'),(87,29.7,50.1,'2024-11-24 21:52:23'),(88,29.7,50,'2024-11-24 21:52:33'),(89,29.7,49.8,'2024-11-24 21:52:43'),(90,29.6,49.8,'2024-11-24 21:52:53'),(91,29.6,49.8,'2024-11-24 21:53:03'),(92,29.6,49.9,'2024-11-24 21:53:13'),(93,29.6,49.9,'2024-11-24 21:53:23'),(94,29.6,49.9,'2024-11-24 21:53:33'),(95,29.6,49.9,'2024-11-24 21:53:43'),(96,29.6,50,'2024-11-24 21:53:53'),(97,29.6,50,'2024-11-24 21:54:03'),(98,29.6,49.9,'2024-11-24 21:54:13'),(99,29.6,49.9,'2024-11-24 21:54:23'),(100,29.6,49.9,'2024-11-24 21:54:33'),(101,29.6,49.9,'2024-11-24 21:54:43'),(102,29.6,49.9,'2024-11-24 21:54:53'),(103,29.6,49.9,'2024-11-24 21:55:03'),(104,29.6,49.9,'2024-11-24 21:55:13'),(105,29.6,49.8,'2024-11-24 21:55:23'),(106,29.6,49.7,'2024-11-24 21:55:33'),(107,29.6,49.7,'2024-11-24 21:55:43'),(108,29.6,49.7,'2024-11-24 21:55:53'),(109,29.6,49.8,'2024-11-24 21:56:03'),(110,29.6,49.8,'2024-11-24 21:56:13'),(111,29.6,49.8,'2024-11-24 21:56:23'),(112,29.6,49.8,'2024-11-24 21:56:33'),(113,29.6,49.8,'2024-11-24 21:56:43'),(114,29.6,49.8,'2024-11-24 21:56:53'),(115,29.6,49.7,'2024-11-24 21:57:03'),(116,29.6,49.7,'2024-11-24 21:57:13'),(117,29.6,49.7,'2024-11-24 21:57:23'),(118,29.6,49.7,'2024-11-24 21:57:33'),(119,29.6,49.7,'2024-11-24 21:57:43'),(120,29.6,49.8,'2024-11-24 21:57:53'),(121,29.6,50.3,'2024-11-24 21:58:03'),(122,29.5,50.6,'2024-11-24 21:58:13'),(123,29.5,50.6,'2024-11-24 21:58:23'),(124,29.4,50.5,'2024-11-24 21:58:33'),(125,29.4,50.4,'2024-11-24 21:58:43'),(126,29.4,50.4,'2024-11-24 21:58:53'),(127,29.4,50.3,'2024-11-24 21:59:03'),(128,29.4,50.4,'2024-11-24 21:59:13'),(129,29.4,50.5,'2024-11-24 21:59:23'),(130,29.4,50.7,'2024-11-24 21:59:33'),(131,29.4,50.7,'2024-11-24 21:59:43'),(132,29.4,50.7,'2024-11-24 21:59:53'),(133,29.4,50.7,'2024-11-24 22:00:03'),(134,29.5,50.8,'2024-11-24 22:00:13'),(135,29.5,50.8,'2024-11-24 22:00:23'),(136,29.5,50.8,'2024-11-24 22:00:33'),(137,29.5,50.8,'2024-11-24 22:00:43'),(138,29.5,50.7,'2024-11-24 22:00:53'),(139,29.6,50.7,'2024-11-24 22:01:03'),(140,29.6,50.6,'2024-11-24 22:01:13'),(141,29.6,50.7,'2024-11-24 22:01:23'),(142,29.6,50.6,'2024-11-24 22:01:33'),(143,29.6,50.6,'2024-11-24 22:01:43'),(144,29.6,50.6,'2024-11-24 22:01:53'),(145,29.6,50.5,'2024-11-24 22:02:03'),(146,29.6,50.4,'2024-11-24 22:02:13'),(147,29.6,50.4,'2024-11-24 22:02:23'),(148,29.6,50.4,'2024-11-24 22:02:33'),(149,29.6,50.3,'2024-11-24 22:02:43'),(150,29.6,50.3,'2024-11-24 22:02:53'),(151,29.6,50.3,'2024-11-24 22:03:03'),(152,29.6,50.4,'2024-11-24 22:03:13'),(153,29.5,50.4,'2024-11-24 22:03:23'),(154,29.5,50.5,'2024-11-24 22:03:33'),(155,29.5,50.7,'2024-11-24 22:03:43'),(156,29.5,51.1,'2024-11-24 22:03:53'),(157,29.5,51.2,'2024-11-24 22:04:03'),(158,29.5,51.1,'2024-11-24 22:04:13'),(159,29.5,51.1,'2024-11-24 22:04:23'),(160,29.4,51.1,'2024-11-24 22:04:33'),(161,29.4,51.1,'2024-11-24 22:04:43'),(162,29.4,51.1,'2024-11-24 22:04:53'),(163,29.4,51.6,'2024-11-24 22:05:03'),(164,29.4,51.9,'2024-11-24 22:05:13'),(165,29.4,52,'2024-11-24 22:05:23'),(166,27.2,59,'2024-11-24 22:14:53'),(167,27.6,58.8,'2024-11-24 22:15:03'),(168,27.8,58.6,'2024-11-24 22:15:12'),(169,28,58.5,'2024-11-24 22:15:22'),(170,28.1,57.9,'2024-11-24 22:15:33'),(171,28.2,57.5,'2024-11-24 22:15:42'),(172,28.3,57.2,'2024-11-24 22:15:53'),(173,28.5,56.9,'2024-11-24 22:16:02'),(174,28.6,56.6,'2024-11-24 22:16:12'),(175,28.7,56.4,'2024-11-24 22:16:22'),(176,28.7,56.1,'2024-11-24 22:16:32'),(177,28.8,55.9,'2024-11-24 22:16:42'),(178,28.9,55.8,'2024-11-24 22:16:53'),(179,29,56,'2024-11-24 22:17:02'),(180,29,55.4,'2024-11-24 22:17:13'),(181,29,55.1,'2024-11-24 22:17:23'),(182,29.1,54.9,'2024-11-24 22:17:32'),(183,29.1,55,'2024-11-24 22:17:42'),(184,29.2,54.7,'2024-11-24 22:17:52'),(185,29.2,54.5,'2024-11-24 22:18:02'),(186,29.3,54.4,'2024-11-24 22:18:12'),(187,29.3,54.2,'2024-11-24 22:18:22'),(188,29.4,54.5,'2024-11-24 22:18:32'),(189,29.4,54.3,'2024-11-24 22:18:42'),(190,29.4,54.1,'2024-11-24 22:18:52'),(191,29.5,54,'2024-11-24 22:19:02'),(192,29.5,54,'2024-11-24 22:19:13'),(193,29.5,53.8,'2024-11-24 22:19:23'),(194,29.5,53.6,'2024-11-24 22:19:32'),(195,29.5,53.8,'2024-11-24 22:19:42'),(196,29.5,53.8,'2024-11-24 22:19:52'),(197,29.6,53.7,'2024-11-24 22:20:02'),(198,29.6,53.7,'2024-11-24 22:20:13'),(199,29.6,53.5,'2024-11-24 22:20:22'),(200,29.6,53.3,'2024-11-24 22:20:32'),(201,29.6,53.2,'2024-11-24 22:20:42'),(202,29.6,53.2,'2024-11-24 22:20:52'),(203,29.7,53.1,'2024-11-24 22:21:02'),(204,29.7,53.3,'2024-11-24 22:21:13'),(205,29.7,53.3,'2024-11-24 22:21:22'),(206,29.7,53.3,'2024-11-24 22:21:32'),(207,29.7,53.3,'2024-11-24 22:21:42'),(208,29.7,53.2,'2024-11-24 22:21:52'),(209,29.7,53.6,'2024-11-24 22:22:02'),(210,29.7,53.5,'2024-11-24 22:22:12'),(211,29.8,53.3,'2024-11-24 22:22:23'),(212,29.8,53.2,'2024-11-24 22:22:32'),(213,29.8,53.1,'2024-11-24 22:22:42'),(214,29.8,53.1,'2024-11-24 22:22:52'),(215,29.8,53,'2024-11-24 22:23:02'),(216,29.8,53,'2024-11-24 22:23:12'),(217,29.8,52.9,'2024-11-24 22:23:23'),(218,29.8,52.9,'2024-11-24 22:23:33'),(219,29.8,52.9,'2024-11-24 22:23:42'),(220,29.8,52.8,'2024-11-24 22:23:52'),(221,29.8,52.9,'2024-11-24 22:24:02'),(222,29.8,52.9,'2024-11-24 22:24:12'),(223,29.8,53.1,'2024-11-24 22:24:23'),(224,29.8,53.5,'2024-11-24 22:24:33'),(225,29.8,53.9,'2024-11-24 22:24:42'),(226,29.8,53.4,'2024-11-24 22:24:52'),(227,29.8,53.1,'2024-11-24 22:25:02'),(228,29.8,53.4,'2024-11-24 22:25:12'),(229,29.8,53.7,'2024-11-24 22:25:23'),(230,29.8,54.2,'2024-11-24 22:25:32'),(231,29.8,54.4,'2024-11-24 22:25:43'),(232,29.8,54.9,'2024-11-24 22:25:52'),(233,29.8,54.5,'2024-11-24 22:26:03'),(234,29.9,53.8,'2024-11-24 22:26:32'),(235,29.9,53.5,'2024-11-24 22:26:42'),(236,29.9,53.2,'2024-11-24 22:26:52'),(237,29.9,53.2,'2024-11-24 22:27:02'),(238,29.9,53.4,'2024-11-24 22:27:12'),(239,29.9,53.2,'2024-11-24 22:27:22'),(240,30,53,'2024-11-24 22:27:48'),(241,30,52.8,'2024-11-24 22:27:58'),(242,30,52.9,'2024-11-24 22:28:08'),(243,30,52.8,'2024-11-24 22:28:18'),(244,30,53.9,'2024-11-24 22:28:31'),(245,30,53.4,'2024-11-24 22:28:41'),(246,30,53.1,'2024-11-24 22:28:51'),(247,30,52.9,'2024-11-24 22:29:01'),(248,30,52.9,'2024-11-24 22:29:11'),(249,30,52.9,'2024-11-24 22:29:21'),(250,30,52.8,'2024-11-24 22:29:31'),(251,30,52.8,'2024-11-24 22:29:41'),(252,30,52.7,'2024-11-24 22:29:51'),(253,30,53.6,'2024-11-24 22:30:01'),(254,30,55.1,'2024-11-24 22:30:11'),(255,30,55.3,'2024-11-24 22:30:21'),(256,30,55.3,'2024-11-24 22:30:31'),(257,30,55.4,'2024-11-24 22:30:41'),(258,30,54.6,'2024-11-24 22:30:51'),(259,30,53.8,'2024-11-24 22:31:01'),(260,30,53.3,'2024-11-24 22:31:11'),(261,30,53,'2024-11-24 22:31:21'),(262,30,52.8,'2024-11-24 22:31:31'),(263,30,52.7,'2024-11-24 22:31:41'),(264,30,52.7,'2024-11-24 22:31:51'),(265,30,52.8,'2024-11-24 22:32:01'),(266,30,52.9,'2024-11-24 22:32:11'),(267,30,52.9,'2024-11-24 22:32:21'),(268,30,52.7,'2024-11-24 22:32:31'),(269,30,52.8,'2024-11-24 22:32:41'),(270,30,52.8,'2024-11-24 22:32:51'),(271,30,52.8,'2024-11-24 22:33:01'),(272,30,53.2,'2024-11-24 22:33:11'),(273,30,53,'2024-11-24 22:33:21'),(274,30,53.1,'2024-11-24 22:33:31'),(275,30,53.9,'2024-11-24 22:33:41'),(276,30,54.5,'2024-11-24 22:33:51'),(277,30,54.3,'2024-11-24 22:34:01'),(278,30,53.7,'2024-11-24 22:34:11'),(279,30,53.2,'2024-11-24 22:34:21'),(280,30,53.8,'2024-11-24 22:34:31'),(281,30,53.6,'2024-11-24 22:34:41'),(282,30,53.4,'2024-11-24 22:34:51'),(283,30,53.5,'2024-11-24 22:35:01'),(284,30,53.6,'2024-11-24 22:35:11'),(285,30,53.4,'2024-11-24 22:35:21'),(286,30,54,'2024-11-24 22:35:31'),(287,30,54.6,'2024-11-24 22:35:41'),(288,30,55.1,'2024-11-24 22:35:51'),(289,30,54.5,'2024-11-24 22:36:01'),(290,30,53.7,'2024-11-24 22:36:11'),(291,30,53.4,'2024-11-24 22:36:21'),(292,30.1,53.9,'2024-11-24 22:36:31'),(293,30.1,53.9,'2024-11-24 22:36:41'),(294,30.1,53.3,'2024-11-24 22:36:51'),(295,30.1,53,'2024-11-24 22:37:01'),(296,30.1,53,'2024-11-24 22:37:11'),(297,30.1,54,'2024-11-24 22:37:21'),(298,30.1,54,'2024-11-24 22:37:31'),(299,30.1,53.9,'2024-11-24 22:37:41'),(300,30.1,53.8,'2024-11-24 22:37:51'),(301,30.1,54.1,'2024-11-24 22:38:01'),(302,30,54.3,'2024-11-24 22:38:11'),(303,30,53.5,'2024-11-24 22:38:21'),(304,30,52.9,'2024-11-24 22:38:31'),(305,30,53,'2024-11-24 22:38:41'),(306,30,52.9,'2024-11-24 22:38:51'),(307,30,52.8,'2024-11-24 22:39:01'),(308,30,52.7,'2024-11-24 22:39:11'),(309,30,52.8,'2024-11-24 22:39:21'),(310,30,52.7,'2024-11-24 22:39:31'),(311,30,52.6,'2024-11-24 22:39:41'),(312,30,52.6,'2024-11-24 22:39:51'),(313,30,52.6,'2024-11-24 22:40:01'),(314,30,53.2,'2024-11-24 22:40:11'),(315,30,53.5,'2024-11-24 22:40:21'),(316,30,53.1,'2024-11-24 22:40:31'),(317,30,53.8,'2024-11-24 22:40:41'),(318,30,53.4,'2024-11-24 22:40:51'),(319,30,53.2,'2024-11-24 22:41:03'),(320,30,53.2,'2024-11-24 22:41:11'),(321,30,53.7,'2024-11-24 22:41:21'),(322,30,53.5,'2024-11-24 22:41:31'),(323,30,53.3,'2024-11-24 22:41:41'),(324,30.1,53.3,'2024-11-24 22:41:51'),(325,30.1,53.2,'2024-11-24 22:42:01'),(326,30.1,53.6,'2024-11-24 22:42:11'),(327,30.1,53.2,'2024-11-24 22:42:21'),(328,30.1,53.1,'2024-11-24 22:42:31'),(329,30.1,54.2,'2024-11-24 22:42:41'),(330,30.1,54.2,'2024-11-24 22:42:51'),(331,30.1,54.2,'2024-11-24 22:43:01'),(332,30.1,54.2,'2024-11-24 22:43:11'),(333,30.1,54.2,'2024-11-24 22:43:21'),(334,30.1,53.6,'2024-11-24 22:43:31'),(335,30.1,53.9,'2024-11-24 22:43:41'),(336,30.1,54.4,'2024-11-24 22:43:51'),(337,30,53.7,'2024-11-24 22:44:01'),(338,30,53.4,'2024-11-24 22:44:11'),(339,30,53.3,'2024-11-24 22:44:21'),(340,30,53.2,'2024-11-24 22:44:31'),(341,30,53.2,'2024-11-24 22:44:41'),(342,30,53.1,'2024-11-24 22:44:51'),(343,30.1,53.5,'2024-11-24 22:45:01'),(344,30.1,53.2,'2024-11-24 22:45:11'),(345,30.1,53.1,'2024-11-24 22:45:21'),(346,30.1,53,'2024-11-24 22:45:31'),(347,30.1,53.2,'2024-11-24 22:45:41'),(348,30.1,53.9,'2024-11-24 22:45:51'),(349,30.1,53.5,'2024-11-24 22:46:01'),(350,30.1,53.2,'2024-11-24 22:46:11'),(351,30.1,53.1,'2024-11-24 22:46:21'),(352,30.1,53,'2024-11-24 22:46:31'),(353,30.1,52.9,'2024-11-24 22:46:41'),(354,30.1,53.1,'2024-11-24 22:46:51'),(355,30.1,53.2,'2024-11-24 22:47:01'),(356,30.1,53.2,'2024-11-24 22:47:11'),(357,30.1,54,'2024-11-24 22:47:21'),(358,30.1,54.2,'2024-11-24 22:47:31'),(359,30.1,54.1,'2024-11-24 22:47:41'),(360,30.1,53.5,'2024-11-24 22:47:51'),(361,30.1,53.2,'2024-11-24 22:48:01'),(362,30.1,53,'2024-11-24 22:48:11'),(363,30.1,52.8,'2024-11-24 22:48:21'),(364,30.1,52.8,'2024-11-24 22:48:31'),(365,30.1,52.8,'2024-11-24 22:48:41'),(366,30,52.7,'2024-11-24 22:48:51'),(367,30,53.1,'2024-11-24 22:49:01'),(368,30,53.2,'2024-11-24 22:49:11'),(369,30,53.1,'2024-11-24 22:49:21'),(370,30,53,'2024-11-24 22:49:31'),(371,30,53.1,'2024-11-24 22:49:41'),(372,30,53.2,'2024-11-24 22:49:51'),(373,30,53.7,'2024-11-24 22:50:07'),(374,30,53.7,'2024-11-24 22:50:17'),(375,30,54.1,'2024-11-24 22:50:27'),(376,30,54.5,'2024-11-24 22:50:37'),(377,30,54.2,'2024-11-24 22:50:47'),(378,30,54.1,'2024-11-24 22:50:57'),(379,30,53.5,'2024-11-24 22:51:07'),(380,30,53.4,'2024-11-24 22:51:17'),(381,30,53.4,'2024-11-24 22:51:27'),(382,30,53.3,'2024-11-24 22:51:37'),(383,30,53.1,'2024-11-24 22:51:47'),(384,30,54.1,'2024-11-24 22:51:57'),(385,30,54,'2024-11-24 22:52:07'),(386,30,53.7,'2024-11-24 22:52:17'),(387,30,53.4,'2024-11-24 22:52:27'),(388,30,53.2,'2024-11-24 22:52:37'),(389,30,53,'2024-11-24 22:52:47'),(390,30,53.6,'2024-11-24 22:52:57'),(391,30,53.8,'2024-11-24 22:53:07'),(392,30.1,53.6,'2024-11-24 22:53:17'),(393,30.1,53.3,'2024-11-24 22:53:27'),(394,30.1,53,'2024-11-24 22:53:37'),(395,30.1,53.2,'2024-11-24 22:53:47'),(396,30.1,53.1,'2024-11-24 22:53:57'),(397,30.1,53.1,'2024-11-24 22:54:07'),(398,30.1,52.9,'2024-11-24 22:54:17'),(399,30.1,53.1,'2024-11-24 22:54:27'),(400,30.1,53.3,'2024-11-24 22:54:37'),(401,30.1,54,'2024-11-24 22:54:47'),(402,30.1,54.4,'2024-11-24 22:54:57'),(403,30.1,53.7,'2024-11-24 22:55:07'),(404,30.1,53.4,'2024-11-24 22:55:17'),(405,30.1,53.5,'2024-11-24 22:55:27'),(406,30.1,53.8,'2024-11-24 22:55:37'),(407,30.1,53.8,'2024-11-24 22:55:47'),(408,30.2,53.5,'2024-11-24 22:55:57'),(409,30.2,53.3,'2024-11-24 22:56:07'),(410,30.1,53.6,'2024-11-24 22:56:17'),(411,30.1,53.5,'2024-11-24 22:56:27'),(412,30.2,53.6,'2024-11-24 22:56:37'),(413,30.2,53.6,'2024-11-24 22:56:47'),(414,30.2,53.4,'2024-11-24 22:56:57'),(415,30.2,53.2,'2024-11-24 22:57:07'),(416,30.2,54.1,'2024-11-24 22:57:17'),(417,30.2,53.7,'2024-11-24 22:57:27'),(418,30.2,53.4,'2024-11-24 22:57:37'),(419,30.2,53.1,'2024-11-24 22:57:47'),(420,30.2,53,'2024-11-24 22:57:57'),(421,30.2,53.3,'2024-11-24 22:58:07'),(422,30.2,54.1,'2024-11-24 22:58:17'),(423,30.1,53.8,'2024-11-24 22:58:27'),(424,30.1,53.3,'2024-11-24 22:58:37'),(425,30.1,53.5,'2024-11-24 22:58:47'),(426,30.1,53.4,'2024-11-24 22:58:57'),(427,30.1,53.4,'2024-11-24 22:59:07'),(428,30.1,53.1,'2024-11-24 22:59:17'),(429,30.1,53,'2024-11-24 22:59:27'),(430,30.1,53.1,'2024-11-24 22:59:37'),(431,30.1,52.9,'2024-11-24 22:59:47'),(432,30.1,53.2,'2024-11-24 22:59:57'),(433,30.1,53.6,'2024-11-24 23:00:07'),(434,30.1,53.5,'2024-11-24 23:00:17'),(435,30.1,53.3,'2024-11-24 23:00:27'),(436,30.1,53.3,'2024-11-24 23:00:37'),(437,30.2,54,'2024-11-24 23:00:47'),(438,30.2,53.6,'2024-11-24 23:00:57'),(439,30.2,53.5,'2024-11-24 23:01:07'),(440,30.2,54,'2024-11-24 23:01:17'),(441,30.2,53.6,'2024-11-24 23:01:27'),(442,30.2,53.8,'2024-11-24 23:01:37'),(443,30.2,53.8,'2024-11-24 23:01:47'),(444,30.2,53.5,'2024-11-24 23:01:57'),(445,30.2,53.2,'2024-11-24 23:02:07'),(446,30.2,53.1,'2024-11-24 23:02:17'),(447,30.1,53,'2024-11-24 23:02:27'),(448,30.1,53.1,'2024-11-24 23:02:37'),(449,30.1,53.1,'2024-11-24 23:02:47'),(450,30.1,53,'2024-11-24 23:02:57'),(451,30.1,53,'2024-11-24 23:03:07'),(452,30.1,52.9,'2024-11-24 23:03:17'),(453,30.1,53,'2024-11-24 23:03:27'),(454,30.1,52.9,'2024-11-24 23:03:37'),(455,30.1,53,'2024-11-24 23:03:47'),(456,30.1,53,'2024-11-24 23:03:57'),(457,30.1,53.4,'2024-11-24 23:04:07'),(458,30.1,53.4,'2024-11-24 23:04:17'),(459,30.1,53.2,'2024-11-24 23:04:27'),(460,30.1,53.5,'2024-11-24 23:04:37'),(461,30.1,53.3,'2024-11-24 23:04:47'),(462,30.1,53.6,'2024-11-24 23:04:57'),(463,30.1,54,'2024-11-24 23:05:07'),(464,30.1,54.2,'2024-11-24 23:05:17'),(465,30.1,53.9,'2024-11-24 23:05:27'),(466,30.1,53.6,'2024-11-24 23:05:37'),(467,30.1,53.3,'2024-11-24 23:05:47'),(468,30.1,53.4,'2024-11-24 23:05:57'),(469,30.1,53.3,'2024-11-24 23:06:07'),(470,30.1,53.3,'2024-11-24 23:06:17'),(471,30.1,53.1,'2024-11-24 23:06:27'),(472,30.1,53.1,'2024-11-24 23:06:37'),(473,30.1,53.1,'2024-11-24 23:06:47'),(474,30.1,53.1,'2024-11-24 23:06:57'),(475,30.1,53.1,'2024-11-24 23:07:07'),(476,30.1,53,'2024-11-24 23:07:17'),(477,30,53,'2024-11-24 23:07:27'),(478,30.1,53.2,'2024-11-24 23:07:37'),(479,30.1,54.2,'2024-11-24 23:07:47'),(480,30.1,54.5,'2024-11-24 23:07:57'),(481,30.1,53.8,'2024-11-24 23:08:07'),(482,30.1,53.4,'2024-11-24 23:08:17'),(483,30.1,53.2,'2024-11-24 23:08:27'),(484,30.1,53.2,'2024-11-24 23:08:37'),(485,30.1,53.1,'2024-11-24 23:08:47'),(486,30.1,53,'2024-11-24 23:08:57'),(487,30,53.1,'2024-11-24 23:09:08'),(488,30,53.2,'2024-11-24 23:09:17'),(489,30,53.3,'2024-11-24 23:09:27'),(490,30,53.3,'2024-11-24 23:09:37'),(491,30,54,'2024-11-24 23:09:47'),(492,30,53.6,'2024-11-24 23:09:57'),(493,30,53.6,'2024-11-24 23:10:07'),(494,30,53.4,'2024-11-24 23:10:17'),(495,30,53.4,'2024-11-24 23:10:27'),(496,30,53.6,'2024-11-24 23:10:37'),(497,30,53.5,'2024-11-24 23:10:47'),(498,30,53.4,'2024-11-24 23:10:57'),(499,30,53.3,'2024-11-24 23:11:07'),(500,30,53.6,'2024-11-24 23:11:17'),(501,30,53.5,'2024-11-24 23:11:27'),(502,30,53.4,'2024-11-24 23:11:37'),(503,30,53.4,'2024-11-24 23:11:47'),(504,30,53.3,'2024-11-24 23:11:57'),(505,30,53.4,'2024-11-24 23:12:07'),(506,30,53.5,'2024-11-24 23:12:17'),(507,30,53.4,'2024-11-24 23:12:27'),(508,30,53.3,'2024-11-24 23:12:37'),(509,30,53.4,'2024-11-24 23:12:47'),(510,30,53.5,'2024-11-24 23:12:57'),(511,30,53.5,'2024-11-24 23:13:07'),(512,30,53.5,'2024-11-24 23:13:17'),(513,30,53.5,'2024-11-24 23:13:27'),(514,30,53.4,'2024-11-24 23:13:37'),(515,30,54.1,'2024-11-24 23:13:47'),(516,30,53.8,'2024-11-24 23:13:57'),(517,30,53.6,'2024-11-24 23:14:07'),(518,30,53.9,'2024-11-24 23:14:17'),(519,30,53.8,'2024-11-24 23:14:27'),(520,30,53.5,'2024-11-24 23:14:37'),(521,30,53.9,'2024-11-24 23:14:47'),(522,30,53.7,'2024-11-24 23:14:57'),(523,30,53.6,'2024-11-24 23:15:07'),(524,30,53.6,'2024-11-24 23:15:17'),(525,30,53.5,'2024-11-24 23:15:27'),(526,30.1,53.5,'2024-11-24 23:15:37'),(527,30.1,53.6,'2024-11-24 23:15:47'),(528,30.1,53.5,'2024-11-24 23:15:57'),(529,30.1,53.4,'2024-11-24 23:16:07'),(530,30.1,53.5,'2024-11-24 23:16:17'),(531,30.1,53.5,'2024-11-24 23:16:27'),(532,30.1,53.4,'2024-11-24 23:16:37'),(533,30.1,53.3,'2024-11-24 23:16:47'),(534,30.1,53.8,'2024-11-24 23:16:57'),(535,30,54.1,'2024-11-24 23:17:07'),(536,30,53.8,'2024-11-24 23:17:17'),(537,30,53.9,'2024-11-24 23:17:27'),(538,30.1,53.9,'2024-11-24 23:17:37'),(539,30,53.6,'2024-11-24 23:17:47'),(540,30,54.1,'2024-11-24 23:17:57'),(541,30,54.1,'2024-11-24 23:18:07'),(542,30,53.7,'2024-11-24 23:18:17'),(543,30,53.5,'2024-11-24 23:18:27'),(544,30,53.4,'2024-11-24 23:18:37'),(545,30,53.4,'2024-11-24 23:18:47'),(546,30,53.3,'2024-11-24 23:18:57'),(547,30,53.6,'2024-11-24 23:19:07'),(548,30,53.5,'2024-11-24 23:19:17'),(549,30,53.4,'2024-11-24 23:19:27'),(550,30,53.3,'2024-11-24 23:19:37'),(551,30,53.3,'2024-11-24 23:19:47'),(552,30,53.3,'2024-11-24 23:19:57'),(553,30,53.3,'2024-11-24 23:20:07'),(554,30,53.7,'2024-11-24 23:20:17'),(555,30,53.6,'2024-11-24 23:20:27'),(556,30,53.8,'2024-11-24 23:20:37'),(557,30,53.6,'2024-11-24 23:20:47'),(558,30,53.5,'2024-11-24 23:20:57'),(559,30.1,53.4,'2024-11-24 23:21:07'),(560,30.1,53.3,'2024-11-24 23:21:17'),(561,30.1,53.2,'2024-11-24 23:21:27'),(562,30,53.1,'2024-11-24 23:21:37'),(563,30,53.1,'2024-11-24 23:21:47'),(564,30,53.1,'2024-11-24 23:21:57'),(565,30,53.1,'2024-11-24 23:22:07'),(566,30,53,'2024-11-24 23:22:17'),(567,30,53,'2024-11-24 23:22:27'),(568,30,52.9,'2024-11-24 23:22:37'),(569,30,53,'2024-11-24 23:22:47'),(570,30,53.2,'2024-11-24 23:22:57'),(571,30,53.3,'2024-11-24 23:23:07'),(572,30,53.4,'2024-11-24 23:23:17'),(573,30,53.4,'2024-11-24 23:23:27'),(574,30,53.4,'2024-11-24 23:23:37'),(575,30,53.4,'2024-11-24 23:23:47'),(576,30,53.4,'2024-11-24 23:23:57'),(577,30.1,53.4,'2024-11-24 23:24:07'),(578,30.1,53.4,'2024-11-24 23:24:17'),(579,30.1,53.4,'2024-11-24 23:24:27'),(580,30.1,53.4,'2024-11-24 23:24:37'),(581,30.1,53.4,'2024-11-24 23:24:47'),(582,30.1,53.4,'2024-11-24 23:24:57'),(583,30.1,53.4,'2024-11-24 23:25:07'),(584,30.1,53.4,'2024-11-24 23:25:17'),(585,30.1,53.4,'2024-11-24 23:25:27'),(586,30.1,53.4,'2024-11-24 23:25:37'),(587,30.1,53.4,'2024-11-24 23:25:47'),(588,30.1,53.4,'2024-11-24 23:25:57'),(589,30.1,53.4,'2024-11-24 23:26:07'),(590,30.1,53.4,'2024-11-24 23:26:17'),(591,30.1,53.4,'2024-11-24 23:26:27'),(592,30.1,53.4,'2024-11-24 23:26:37'),(593,30.1,53.4,'2024-11-24 23:26:47'),(594,30.1,53.4,'2024-11-24 23:26:57'),(595,30.1,53.4,'2024-11-24 23:27:07'),(596,30.1,53.4,'2024-11-24 23:27:17'),(597,30.1,53.4,'2024-11-24 23:27:27'),(598,30.1,53.4,'2024-11-24 23:27:37'),(599,30.1,53.4,'2024-11-24 23:27:47'),(600,30.1,53.4,'2024-11-24 23:27:57'),(601,30.1,53.5,'2024-11-24 23:28:07'),(602,30.1,53.5,'2024-11-24 23:28:17'),(603,30.1,53.5,'2024-11-24 23:28:27'),(604,30.1,53.6,'2024-11-24 23:28:37'),(605,30,53.7,'2024-11-24 23:28:47'),(606,30,54,'2024-11-24 23:28:57'),(607,30,54.2,'2024-11-24 23:29:07'),(608,30,54.1,'2024-11-24 23:29:17'),(609,30,54,'2024-11-24 23:29:27'),(610,30,54,'2024-11-24 23:29:37'),(611,30,54,'2024-11-24 23:29:47'),(612,30,54.1,'2024-11-24 23:29:57'),(613,30,54.1,'2024-11-24 23:30:07'),(614,30,54.1,'2024-11-24 23:30:17'),(615,30,54,'2024-11-24 23:30:27'),(616,30,54,'2024-11-24 23:30:37'),(617,30,53.9,'2024-11-24 23:30:47'),(618,30,53.9,'2024-11-24 23:30:57'),(619,30,53.9,'2024-11-24 23:31:07'),(620,30,53.9,'2024-11-24 23:31:17'),(621,30,53.9,'2024-11-24 23:31:27'),(622,30,53.9,'2024-11-24 23:31:37'),(623,30,53.9,'2024-11-24 23:31:47'),(624,30,53.9,'2024-11-24 23:31:57'),(625,30,53.9,'2024-11-24 23:32:07'),(626,30,54.2,'2024-11-24 23:32:17'),(627,30,54.2,'2024-11-24 23:32:27'),(628,30,54.2,'2024-11-24 23:32:37'),(629,30,54.2,'2024-11-24 23:32:47'),(630,30,54.2,'2024-11-24 23:32:57'),(631,30,54.2,'2024-11-24 23:33:07'),(632,30,54.3,'2024-11-24 23:33:17'),(633,29.9,54.3,'2024-11-24 23:33:27'),(634,29.9,54.4,'2024-11-24 23:33:37'),(635,29.9,54.4,'2024-11-24 23:33:47'),(636,29.9,54.4,'2024-11-24 23:33:57'),(637,29.9,54.4,'2024-11-24 23:34:07'),(638,29.9,54.4,'2024-11-24 23:34:17'),(639,29.9,54.4,'2024-11-24 23:34:27'),(640,29.9,54.8,'2024-11-24 23:34:37'),(641,29.9,55,'2024-11-24 23:34:47'),(642,29.9,55,'2024-11-24 23:34:57'),(643,29.9,54.8,'2024-11-24 23:35:07'),(644,30,54.8,'2024-11-24 23:35:17'),(645,30,54.7,'2024-11-24 23:35:27'),(646,30,54.6,'2024-11-24 23:35:37'),(647,29.9,54.6,'2024-11-24 23:35:47'),(648,29.9,54.5,'2024-11-24 23:35:57'),(649,29.9,54.5,'2024-11-24 23:36:07'),(650,29.9,54.5,'2024-11-24 23:36:17'),(651,29.9,54.5,'2024-11-24 23:36:27'),(652,29.9,54.5,'2024-11-24 23:36:37'),(653,29.9,54.5,'2024-11-24 23:36:47'),(654,29.9,54.5,'2024-11-24 23:36:57'),(655,29.9,55.1,'2024-11-24 23:37:07'),(656,29.9,55.2,'2024-11-24 23:37:17'),(657,29.9,54.9,'2024-11-24 23:37:27'),(658,29.9,55,'2024-11-24 23:37:37'),(659,29.9,55.3,'2024-11-24 23:37:47'),(660,29.9,55.2,'2024-11-24 23:37:57'),(661,29.9,55,'2024-11-24 23:38:07'),(662,29.9,54.9,'2024-11-24 23:38:17'),(663,29.9,54.8,'2024-11-24 23:38:27'),(664,29.9,54.8,'2024-11-24 23:38:37'),(665,29.9,54.7,'2024-11-24 23:38:47'),(666,29.9,54.8,'2024-11-24 23:38:57'),(667,29.9,55.2,'2024-11-24 23:39:07'),(668,29.9,54.9,'2024-11-24 23:39:17'),(669,30,54.7,'2024-11-24 23:39:27'),(670,29.9,54.5,'2024-11-24 23:39:37'),(671,29.9,54.4,'2024-11-24 23:39:47'),(672,29.9,54.3,'2024-11-24 23:39:57'),(673,29.9,54.2,'2024-11-24 23:40:07'),(674,29.9,54.2,'2024-11-24 23:40:17'),(675,29.9,54.3,'2024-11-24 23:40:27'),(676,29.9,54.2,'2024-11-24 23:40:37'),(677,29.9,54.2,'2024-11-24 23:40:47'),(678,29.9,54.1,'2024-11-24 23:40:57'),(679,29.9,54.1,'2024-11-24 23:41:07'),(680,29.9,54.1,'2024-11-24 23:41:17'),(681,29.9,54.2,'2024-11-24 23:41:27'),(682,29.9,53.8,'2024-11-24 23:41:37'),(683,29.9,53.6,'2024-11-24 23:41:47'),(684,29.9,53.6,'2024-11-24 23:41:57'),(685,30,53.7,'2024-11-24 23:42:07'),(686,30,54,'2024-11-24 23:42:17'),(687,30,53.6,'2024-11-24 23:42:27'),(688,25.5,60.2,'2024-11-24 23:42:31'),(689,30,53.5,'2024-11-24 23:42:37'),(690,30,53.4,'2024-11-24 23:42:47'),(691,30,53.5,'2024-11-24 23:42:57'),(692,30,53.4,'2024-11-24 23:43:07'),(693,30,53.5,'2024-11-24 23:43:17'),(694,30,53.6,'2024-11-24 23:43:27'),(695,30,53.4,'2024-11-24 23:43:37'),(696,30,53.3,'2024-11-24 23:43:47'),(697,25.5,60.2,'2024-11-24 23:43:53'),(698,30,53.3,'2024-11-24 23:43:57'),(699,30,53.3,'2024-11-24 23:44:07'),(700,30,53.3,'2024-11-24 23:44:17'),(701,30,53.2,'2024-11-24 23:44:27'),(702,30,53.2,'2024-11-24 23:44:37'),(703,30,53.3,'2024-11-24 23:44:47'),(704,29.9,53.5,'2024-11-24 23:44:57'),(705,30,54.5,'2024-11-24 23:45:07'),(706,30,54.7,'2024-11-24 23:45:17'),(707,30,55.1,'2024-11-24 23:45:27'),(708,30,54.7,'2024-11-24 23:45:37'),(709,30,54.6,'2024-11-24 23:45:47'),(710,30,54.4,'2024-11-24 23:45:57'),(711,30,54.2,'2024-11-24 23:46:07'),(712,30,54.1,'2024-11-24 23:46:17'),(713,30,54,'2024-11-24 23:46:27'),(714,30,54,'2024-11-24 23:46:37'),(715,30,54,'2024-11-24 23:46:47'),(716,30,54,'2024-11-24 23:46:57'),(717,30,54,'2024-11-24 23:47:07'),(718,30,54.1,'2024-11-24 23:47:17'),(719,29.9,54.1,'2024-11-24 23:47:27'),(720,29.9,54.1,'2024-11-24 23:47:37'),(721,29.9,54.1,'2024-11-24 23:47:47'),(722,29.9,54.1,'2024-11-24 23:47:57'),(723,29.9,54.2,'2024-11-24 23:48:07'),(724,29.9,54.2,'2024-11-24 23:48:17'),(725,29.9,54.3,'2024-11-24 23:48:27'),(726,29.9,54.5,'2024-11-24 23:48:37'),(727,29.9,54.4,'2024-11-24 23:48:47'),(728,29.9,54.2,'2024-11-24 23:48:57'),(729,29.9,54.2,'2024-11-24 23:49:07'),(730,29.9,54.5,'2024-11-24 23:49:17'),(731,29.9,54.8,'2024-11-24 23:49:27'),(732,29.9,54.9,'2024-11-24 23:49:37'),(733,29.9,54.7,'2024-11-24 23:49:47'),(734,29.9,54.5,'2024-11-24 23:49:57'),(735,29.9,54.3,'2024-11-24 23:50:07'),(736,29.9,54.4,'2024-11-24 23:50:17'),(737,29.9,54.4,'2024-11-24 23:50:27'),(738,29.9,54.5,'2024-11-24 23:50:37'),(739,30,54.6,'2024-11-24 23:50:47'),(740,30,54.5,'2024-11-24 23:50:57'),(741,30,54.5,'2024-11-24 23:51:07'),(742,30,54.6,'2024-11-24 23:51:17'),(743,30,54.7,'2024-11-24 23:51:27'),(744,30,54.5,'2024-11-24 23:51:37'),(745,30,54.4,'2024-11-24 23:51:47'),(746,30,54.4,'2024-11-24 23:51:58'),(747,30,54.3,'2024-11-24 23:52:07'),(748,30,54.3,'2024-11-24 23:52:17'),(749,30,54.2,'2024-11-24 23:52:27'),(750,30,54.2,'2024-11-24 23:52:37'),(751,30,54.2,'2024-11-24 23:52:47'),(752,30,54.2,'2024-11-24 23:52:58'),(753,30,54.2,'2024-11-24 23:53:07'),(754,30,54.2,'2024-11-24 23:53:17'),(755,30,54.2,'2024-11-24 23:53:28'),(756,30,54.2,'2024-11-24 23:53:37'),(757,30,54.2,'2024-11-24 23:53:47'),(758,30,54.2,'2024-11-24 23:53:58'),(759,30,54.2,'2024-11-24 23:54:07'),(760,30,54.3,'2024-11-24 23:54:17'),(761,30,54.3,'2024-11-24 23:54:27'),(762,30,54.5,'2024-11-24 23:54:37'),(763,30,54.5,'2024-11-24 23:54:47'),(764,30,54.5,'2024-11-24 23:54:57'),(765,30,54.7,'2024-11-24 23:55:07'),(766,30,54.9,'2024-11-24 23:55:17'),(767,30,55.2,'2024-11-24 23:55:27'),(768,30,55.4,'2024-11-24 23:55:37'),(769,30,54.9,'2024-11-24 23:55:47'),(770,30,54.6,'2024-11-24 23:55:57'),(771,30,54.5,'2024-11-24 23:56:07'),(772,30,54.5,'2024-11-24 23:56:17'),(773,30,54.9,'2024-11-24 23:56:27'),(774,30,54.8,'2024-11-24 23:56:37'),(775,30,54.6,'2024-11-24 23:56:47'),(776,30,54.7,'2024-11-24 23:56:57'),(777,30,54.5,'2024-11-24 23:57:07'),(778,30,54.5,'2024-11-24 23:57:17'),(779,30,54.6,'2024-11-24 23:57:27'),(780,30,54.7,'2024-11-24 23:57:37'),(781,30,54.7,'2024-11-24 23:57:47'),(782,30,54.7,'2024-11-24 23:57:57'),(783,30,54.7,'2024-11-24 23:58:07'),(784,30,54.7,'2024-11-24 23:58:17'),(785,30,54.7,'2024-11-24 23:58:27'),(786,30,54.7,'2024-11-24 23:58:37'),(787,30,54.6,'2024-11-24 23:58:47'),(788,30,54.7,'2024-11-24 23:58:57'),(789,29.9,54.7,'2024-11-24 23:59:07'),(790,29.9,54.7,'2024-11-24 23:59:17'),(791,29.9,54.8,'2024-11-24 23:59:27'),(792,29.9,54.8,'2024-11-24 23:59:37'),(793,29.9,54.8,'2024-11-24 23:59:47'),(794,29.9,54.9,'2024-11-24 23:59:57'),(795,30,54.9,'2024-11-25 00:00:07'),(796,30,54.9,'2024-11-25 00:00:18'),(797,30,54.8,'2024-11-25 00:00:27'),(798,30,54.8,'2024-11-25 00:00:37'),(799,30,54.8,'2024-11-25 00:00:48'),(800,30,54.5,'2024-11-25 00:00:57'),(801,30,54.5,'2024-11-25 00:01:07'),(802,30,54.5,'2024-11-25 00:01:17'),(803,30,54.5,'2024-11-25 00:01:27'),(804,30,54.5,'2024-11-25 00:01:37'),(805,30,54.5,'2024-11-25 00:01:47'),(806,30,54.5,'2024-11-25 00:01:58'),(807,30,54.5,'2024-11-25 00:02:07'),(808,30,54.4,'2024-11-25 00:02:17'),(809,30,54.7,'2024-11-25 00:02:27'),(810,30,54.8,'2024-11-25 00:02:37'),(811,30,54.7,'2024-11-25 00:02:47'),(812,30,55,'2024-11-25 00:02:57'),(813,30.1,55,'2024-11-25 00:03:07'),(814,30.1,54.8,'2024-11-25 00:03:17'),(815,30.1,55,'2024-11-25 00:03:27'),(816,30.1,54.8,'2024-11-25 00:03:37'),(817,30.1,54.6,'2024-11-25 00:03:47'),(818,30.1,54.6,'2024-11-25 00:03:58'),(819,30.1,54.6,'2024-11-25 00:04:08'),(820,30.1,54.5,'2024-11-25 00:04:17'),(821,30.1,54.6,'2024-11-25 00:04:27'),(822,30.1,54.7,'2024-11-25 00:04:37'),(823,30.1,54.5,'2024-11-25 00:04:47'),(824,30.1,54.4,'2024-11-25 00:04:57'),(825,30.1,54.4,'2024-11-25 00:05:07'),(826,30.1,54.4,'2024-11-25 00:05:17'),(827,30.1,54.4,'2024-11-25 00:05:27'),(828,30.1,54.4,'2024-11-25 00:05:37'),(829,30.1,54.4,'2024-11-25 00:05:48'),(830,30.1,54.4,'2024-11-25 00:05:57'),(831,30.1,54.4,'2024-11-25 00:06:07'),(832,30.1,54.4,'2024-11-25 00:06:17'),(833,30.1,54.4,'2024-11-25 00:06:27'),(834,30.1,54.4,'2024-11-25 00:06:37'),(835,30,54.4,'2024-11-25 00:06:47'),(836,30,54.4,'2024-11-25 00:06:57'),(837,30,54.5,'2024-11-25 00:07:07'),(838,30,54.5,'2024-11-25 00:07:17'),(839,30,54.4,'2024-11-25 00:07:27'),(840,30,54.4,'2024-11-25 00:07:37'),(841,30,54.4,'2024-11-25 00:07:47'),(842,30,54.4,'2024-11-25 00:07:57'),(843,30,54.8,'2024-11-25 00:08:08'),(844,30,54.8,'2024-11-25 00:08:17'),(845,30,54.8,'2024-11-25 00:08:27'),(846,30,54.8,'2024-11-25 00:08:37'),(847,30,54.8,'2024-11-25 00:08:48'),(848,30,54.9,'2024-11-25 00:08:57'),(849,30,54.9,'2024-11-25 00:09:07'),(850,30,54.8,'2024-11-25 00:09:17'),(851,29.9,55.2,'2024-11-25 00:09:27'),(852,29.9,55.2,'2024-11-25 00:09:37'),(853,29.9,55.2,'2024-11-25 00:09:47'),(854,29.9,55.4,'2024-11-25 00:09:57'),(855,29.9,55.7,'2024-11-25 00:10:07'),(856,29.9,55.1,'2024-11-25 00:10:18'),(857,29.9,54.8,'2024-11-25 00:10:28'),(858,29.9,54.5,'2024-11-25 00:10:37'),(859,29.9,54.4,'2024-11-25 00:10:48'),(860,30,54.5,'2024-11-25 00:10:58'),(861,30,54.5,'2024-11-25 00:11:08'),(862,30,54.8,'2024-11-25 00:11:18'),(863,30,54.7,'2024-11-25 00:11:27'),(864,30,54.6,'2024-11-25 00:11:37'),(865,30,54.5,'2024-11-25 00:11:47'),(866,30,54.3,'2024-11-25 00:11:58'),(867,30,54.3,'2024-11-25 00:12:07'),(868,30,54.4,'2024-11-25 00:12:18'),(869,30,54.4,'2024-11-25 00:12:27'),(870,30,54.3,'2024-11-25 00:12:38'),(871,30,54.4,'2024-11-25 00:12:47'),(872,30,54.5,'2024-11-25 00:12:57'),(873,30,55.1,'2024-11-25 00:13:07'),(874,30,54.9,'2024-11-25 00:13:17'),(875,30,54.4,'2024-11-25 00:13:27'),(876,30,54.3,'2024-11-25 00:13:38'),(877,30,54.2,'2024-11-25 00:13:48'),(878,30,54.1,'2024-11-25 00:13:57'),(879,30,54.1,'2024-11-25 00:14:07'),(880,30,54.2,'2024-11-25 00:14:17'),(881,30,54.2,'2024-11-25 00:14:27'),(882,30,54.6,'2024-11-25 00:14:37'),(883,30,54.4,'2024-11-25 00:14:48'),(884,30,54.3,'2024-11-25 00:14:58'),(885,30,54.2,'2024-11-25 00:15:08'),(886,30,54.2,'2024-11-25 00:15:17'),(887,30,54.3,'2024-11-25 00:15:27'),(888,30,54.4,'2024-11-25 00:15:38'),(889,30,54.4,'2024-11-25 00:15:47'),(890,30,54.3,'2024-11-25 00:15:57'),(891,30,54.5,'2024-11-25 00:16:08'),(892,30,54.6,'2024-11-25 00:16:17'),(893,30,54.7,'2024-11-25 00:16:27'),(894,30,54.6,'2024-11-25 00:16:37'),(895,30,54.6,'2024-11-25 00:16:47'),(896,30,54.7,'2024-11-25 00:16:58'),(897,30,54.7,'2024-11-25 00:17:08'),(898,30,54.9,'2024-11-25 00:17:18'),(899,30,55.4,'2024-11-25 00:17:27'),(900,30,56,'2024-11-25 00:17:38'),(901,30,55.7,'2024-11-25 00:17:48'),(902,30,55.2,'2024-11-25 00:17:58'),(903,30,55.1,'2024-11-25 00:18:08'),(904,30,54.9,'2024-11-25 00:18:18'),(905,30,54.9,'2024-11-25 00:18:28'),(906,30,54.8,'2024-11-25 00:18:38'),(907,30,54.8,'2024-11-25 00:18:48'),(908,30,54.8,'2024-11-25 00:18:58'),(909,30,54.7,'2024-11-25 00:19:08'),(910,30,54.5,'2024-11-25 00:19:18'),(911,30,54.5,'2024-11-25 00:19:28'),(912,30,54.5,'2024-11-25 00:19:38'),(913,30,54.8,'2024-11-25 00:19:48'),(914,30,54.7,'2024-11-25 00:19:58'),(915,30,54.7,'2024-11-25 00:20:08'),(916,30,54.7,'2024-11-25 00:20:18'),(917,30,54.7,'2024-11-25 00:20:28'),(918,30,54.7,'2024-11-25 00:20:38'),(919,30,54.7,'2024-11-25 00:20:48'),(920,30,54.8,'2024-11-25 00:20:58'),(921,30,54.8,'2024-11-25 00:21:08'),(922,30,54.8,'2024-11-25 00:21:18'),(923,30,54.8,'2024-11-25 00:21:28'),(924,30,54.8,'2024-11-25 00:21:38'),(925,30,54.8,'2024-11-25 00:21:48'),(926,30,54.8,'2024-11-25 00:21:58'),(927,30,54.9,'2024-11-25 00:22:08'),(928,30,54.9,'2024-11-25 00:22:18'),(929,30,54.9,'2024-11-25 00:22:28'),(930,30,55,'2024-11-25 00:22:38'),(931,30,55,'2024-11-25 00:22:48'),(932,30,55,'2024-11-25 00:22:58'),(933,30,55,'2024-11-25 00:23:08'),(934,30,54.9,'2024-11-25 00:23:18'),(935,30,54.9,'2024-11-25 00:23:28'),(936,30,54.9,'2024-11-25 00:23:38'),(937,30,54.9,'2024-11-25 00:23:48'),(938,30,54.9,'2024-11-25 00:23:58'),(939,30,54.9,'2024-11-25 00:24:08'),(940,30,54.9,'2024-11-25 00:24:18'),(941,30,54.9,'2024-11-25 00:24:28'),(942,30,54.9,'2024-11-25 00:24:38'),(943,30,54.9,'2024-11-25 00:24:48'),(944,30,55,'2024-11-25 00:24:58'),(945,30,55,'2024-11-25 00:25:08'),(946,30,55,'2024-11-25 00:25:18'),(947,30,55,'2024-11-25 00:25:28'),(948,30,55,'2024-11-25 00:25:38'),(949,30,55,'2024-11-25 00:25:48'),(950,30,54.9,'2024-11-25 00:25:58'),(951,30,55,'2024-11-25 00:26:08'),(952,30,55,'2024-11-25 00:26:18'),(953,30,54.9,'2024-11-25 00:26:28'),(954,30,55,'2024-11-25 00:26:38'),(955,30,55,'2024-11-25 00:26:48'),(956,30,55,'2024-11-25 00:26:58'),(957,30,55,'2024-11-25 00:27:08'),(958,30,54.9,'2024-11-25 00:27:18'),(959,30,54.9,'2024-11-25 00:27:28'),(960,30,55,'2024-11-25 00:27:38'),(961,30,55,'2024-11-25 00:27:48'),(962,30,55,'2024-11-25 00:27:58'),(963,30,55,'2024-11-25 00:28:08'),(964,30,55,'2024-11-25 00:28:18'),(965,29.9,55.1,'2024-11-25 00:28:28'),(966,29.9,55.2,'2024-11-25 00:28:38'),(967,29.9,55.3,'2024-11-25 00:28:48'),(968,29.9,55.3,'2024-11-25 00:28:58'),(969,29.9,55.3,'2024-11-25 00:29:08'),(970,29.9,55.3,'2024-11-25 00:29:18'),(971,30,55.3,'2024-11-25 00:29:28'),(972,30,55.3,'2024-11-25 00:29:38'),(973,30,55.3,'2024-11-25 00:29:48'),(974,30,55.3,'2024-11-25 00:29:58'),(975,30,55.3,'2024-11-25 00:30:08'),(976,30,55.2,'2024-11-25 00:30:18'),(977,30,55.2,'2024-11-25 00:30:28'),(978,30,55,'2024-11-25 00:30:38'),(979,30,54.9,'2024-11-25 00:30:48'),(980,30,54.9,'2024-11-25 00:30:58'),(981,30,54.9,'2024-11-25 00:31:08'),(982,30,54.9,'2024-11-25 00:31:18'),(983,30,54.9,'2024-11-25 00:31:28'),(984,30,54.9,'2024-11-25 00:31:38'),(985,30,54.9,'2024-11-25 00:31:48'),(986,30,55.2,'2024-11-25 00:31:58'),(987,30,55.2,'2024-11-25 00:32:08'),(988,30,55.1,'2024-11-25 00:32:18'),(989,30,55.1,'2024-11-25 00:32:28'),(990,30,55.2,'2024-11-25 00:32:38'),(991,30,55.3,'2024-11-25 00:32:48'),(992,30,55.3,'2024-11-25 00:32:58'),(993,30,55.3,'2024-11-25 00:33:08'),(994,30,55.4,'2024-11-25 00:33:18'),(995,30,55.3,'2024-11-25 00:33:28'),(996,30,55.3,'2024-11-25 00:33:38'),(997,30,55.3,'2024-11-25 00:33:48'),(998,30,55.3,'2024-11-25 00:33:58'),(999,30,55.2,'2024-11-25 00:34:08'),(1000,30,55.2,'2024-11-25 00:34:18'),(1001,30,55.2,'2024-11-25 00:34:28'),(1002,30,55.2,'2024-11-25 00:34:38'),(1003,30,55.2,'2024-11-25 00:34:48'),(1004,30,55.2,'2024-11-25 00:34:58'),(1005,30,55.2,'2024-11-25 00:35:08'),(1006,30,55.2,'2024-11-25 00:35:18'),(1007,30,55.2,'2024-11-25 00:35:28'),(1008,30,55,'2024-11-25 00:35:38'),(1009,30,55,'2024-11-25 00:35:48'),(1010,30,55,'2024-11-25 00:35:58'),(1011,30,55,'2024-11-25 00:36:08'),(1012,30,55,'2024-11-25 00:36:18'),(1013,30,55,'2024-11-25 00:36:28'),(1014,30,55,'2024-11-25 00:36:38'),(1015,30,55,'2024-11-25 00:36:48'),(1016,30,55,'2024-11-25 00:36:58'),(1017,30,55,'2024-11-25 00:37:08'),(1018,30,55,'2024-11-25 00:37:18'),(1019,30,54.9,'2024-11-25 00:37:28'),(1020,30,54.9,'2024-11-25 00:37:38'),(1021,30,55,'2024-11-25 00:37:48'),(1022,30,55,'2024-11-25 00:37:58'),(1023,30,55,'2024-11-25 00:38:08'),(1024,30,55,'2024-11-25 00:38:18'),(1025,30,55,'2024-11-25 00:38:28'),(1026,30,55,'2024-11-25 00:38:38'),(1027,30,55,'2024-11-25 00:38:48'),(1028,30,55,'2024-11-25 00:38:58'),(1029,30,55,'2024-11-25 00:39:08'),(1030,30,55,'2024-11-25 00:39:18'),(1031,30,55,'2024-11-25 00:39:28'),(1032,30,55,'2024-11-25 00:39:38'),(1033,30,55,'2024-11-25 00:39:48'),(1034,30,55,'2024-11-25 00:39:58'),(1035,30,55,'2024-11-25 00:40:08'),(1036,30,55,'2024-11-25 00:40:18'),(1037,30,55,'2024-11-25 00:40:28'),(1038,30,55,'2024-11-25 00:40:38'),(1039,30,55,'2024-11-25 00:40:48'),(1040,30,55,'2024-11-25 00:40:58'),(1041,30,55,'2024-11-25 00:41:08'),(1042,30,55,'2024-11-25 00:41:18'),(1043,30,55,'2024-11-25 00:41:28'),(1044,30,55.1,'2024-11-25 00:41:38'),(1045,30,55.2,'2024-11-25 00:41:48'),(1046,30,55.4,'2024-11-25 00:41:58'),(1047,30,55.5,'2024-11-25 00:42:08'),(1048,30,55.8,'2024-11-25 00:42:18'),(1049,30,55.8,'2024-11-25 00:42:28'),(1050,30,55.8,'2024-11-25 00:42:38'),(1051,30,55.7,'2024-11-25 00:42:48'),(1052,30,56,'2024-11-25 00:42:58'),(1053,30,55.9,'2024-11-25 00:43:08'),(1054,30,55.6,'2024-11-25 00:43:18'),(1055,30,55.6,'2024-11-25 00:43:28'),(1056,30,55.5,'2024-11-25 00:43:38'),(1057,30,55.5,'2024-11-25 00:43:48'),(1058,30,55.4,'2024-11-25 00:43:58'),(1059,30,55.3,'2024-11-25 00:44:08'),(1060,30,55.4,'2024-11-25 00:44:18'),(1061,30,55.5,'2024-11-25 00:44:28'),(1062,30,55.4,'2024-11-25 00:44:38'),(1063,30,55.8,'2024-11-25 00:44:48'),(1064,30,55.8,'2024-11-25 00:44:58'),(1065,30,55.8,'2024-11-25 00:45:08'),(1066,30,55.7,'2024-11-25 00:45:18'),(1067,30,56.4,'2024-11-25 00:45:28'),(1068,30,56.6,'2024-11-25 00:45:38'),(1069,30,56.9,'2024-11-25 00:45:48'),(1070,30,56.4,'2024-11-25 00:45:58'),(1071,30,56.2,'2024-11-25 00:46:08'),(1072,30,56.1,'2024-11-25 00:46:18'),(1073,30,56,'2024-11-25 00:46:28'),(1074,30,55.9,'2024-11-25 00:46:38'),(1075,30,55.9,'2024-11-25 00:46:48'),(1076,30,55.9,'2024-11-25 00:46:58'),(1077,30,55.7,'2024-11-25 00:47:08'),(1078,30,55.6,'2024-11-25 00:47:18'),(1079,30,55.5,'2024-11-25 00:47:28'),(1080,30,55.4,'2024-11-25 00:47:38'),(1081,30,55.4,'2024-11-25 00:47:48'),(1082,30,55.4,'2024-11-25 00:47:58'),(1083,30,55.5,'2024-11-25 00:48:08'),(1084,30,55.8,'2024-11-25 00:48:18'),(1085,30,55.6,'2024-11-25 00:48:28'),(1086,30,55.6,'2024-11-25 00:48:38'),(1087,30,55.8,'2024-11-25 00:48:48'),(1088,30,55.7,'2024-11-25 00:48:58'),(1089,30,55.6,'2024-11-25 00:49:08'),(1090,30,55.9,'2024-11-25 00:49:18'),(1091,30,56.3,'2024-11-25 00:49:28'),(1092,30,56.5,'2024-11-25 00:49:38'),(1093,30,56,'2024-11-25 00:49:49'),(1094,30,55.8,'2024-11-25 00:49:58'),(1095,30,55.7,'2024-11-25 00:50:08'),(1096,30,55.9,'2024-11-25 00:50:18'),(1097,30,55.9,'2024-11-25 00:50:28'),(1098,30,55.8,'2024-11-25 00:50:38'),(1099,30,55.8,'2024-11-25 00:50:48'),(1100,30,55.7,'2024-11-25 00:50:58'),(1101,30,55.8,'2024-11-25 00:51:08'),(1102,30,55.8,'2024-11-25 00:51:18'),(1103,30,55.8,'2024-11-25 00:51:28'),(1104,30,56.3,'2024-11-25 00:51:38'),(1105,30,56.8,'2024-11-25 00:51:48'),(1106,30,56.9,'2024-11-25 00:51:58'),(1107,30,56.4,'2024-11-25 00:52:08'),(1108,30,56.4,'2024-11-25 00:52:18'),(1109,30,56.2,'2024-11-25 00:52:28'),(1110,30,55.9,'2024-11-25 00:52:38'),(1111,30,55.7,'2024-11-25 00:52:48'),(1112,30,56,'2024-11-25 00:52:58'),(1113,30,56.8,'2024-11-25 00:53:08'),(1114,30,57.3,'2024-11-25 00:53:18'),(1115,30,57.6,'2024-11-25 00:53:28'),(1116,30.1,57.4,'2024-11-25 00:53:38'),(1117,30.1,57.6,'2024-11-25 00:53:48'),(1118,30.1,56.8,'2024-11-25 00:53:58'),(1119,30.1,56.3,'2024-11-25 00:54:08'),(1120,30.1,56.6,'2024-11-25 00:54:18'),(1121,30.1,56.2,'2024-11-25 00:54:28'),(1122,30.1,56,'2024-11-25 00:54:38'),(1123,30.1,55.9,'2024-11-25 00:54:48'),(1124,30.1,56.3,'2024-11-25 00:54:58'),(1125,30.1,56.4,'2024-11-25 00:55:08'),(1126,30.1,56.2,'2024-11-25 00:55:18'),(1127,30.1,57.3,'2024-11-25 00:55:28'),(1128,30.1,58.1,'2024-11-25 00:55:38'),(1129,30.1,57.1,'2024-11-25 00:55:48'),(1130,30.2,57.7,'2024-11-25 00:55:58'),(1131,30.2,57.5,'2024-11-25 00:56:08'),(1132,30.2,56.7,'2024-11-25 00:56:18'),(1133,30.1,56.4,'2024-11-25 00:56:28'),(1134,30.1,56.6,'2024-11-25 00:56:38'),(1135,30.1,56.1,'2024-11-25 00:56:48'),(1136,30.1,55.9,'2024-11-25 00:56:58'),(1137,30.1,55.7,'2024-11-25 00:57:08'),(1138,30.1,55.7,'2024-11-25 00:57:18'),(1139,30.1,55.6,'2024-11-25 00:57:28'),(1140,30.1,55.5,'2024-11-25 00:57:38'),(1141,30.1,55.4,'2024-11-25 00:57:48'),(1142,30.1,55.4,'2024-11-25 00:57:58'),(1143,30.1,55.4,'2024-11-25 00:58:08'),(1144,30.1,55.4,'2024-11-25 00:58:18'),(1145,30.1,55.4,'2024-11-25 00:58:28'),(1146,30,55.4,'2024-11-25 00:58:38'),(1147,30,55.4,'2024-11-25 00:58:48'),(1148,30,55.4,'2024-11-25 00:58:58'),(1149,30,55.5,'2024-11-25 00:59:08'),(1150,30,55.5,'2024-11-25 00:59:18'),(1151,30,55.5,'2024-11-25 00:59:28'),(1152,30,55.5,'2024-11-25 00:59:38'),(1153,30,55.5,'2024-11-25 00:59:48'),(1154,30,55.7,'2024-11-25 00:59:58'),(1155,30,55.7,'2024-11-25 01:00:08'),(1156,30,55.7,'2024-11-25 01:00:21'),(1157,30,55.7,'2024-11-25 01:00:28'),(1158,30,55.7,'2024-11-25 01:00:38'),(1159,30,55.8,'2024-11-25 01:00:48'),(1160,30,56.4,'2024-11-25 01:00:58'),(1161,30,56.8,'2024-11-25 01:01:08'),(1162,30,56.8,'2024-11-25 01:01:18'),(1163,30,56.4,'2024-11-25 01:01:28'),(1164,30,57,'2024-11-25 01:01:38'),(1165,30,56.8,'2024-11-25 01:01:48'),(1166,30,56.5,'2024-11-25 01:01:58'),(1167,30,56.2,'2024-11-25 01:02:08'),(1168,30,56,'2024-11-25 01:02:18'),(1169,30,56.2,'2024-11-25 01:02:28'),(1170,30,56.2,'2024-11-25 01:02:38'),(1171,30,56,'2024-11-25 01:02:48'),(1172,30,55.9,'2024-11-25 01:02:58'),(1173,30,56,'2024-11-25 01:03:08'),(1174,30,56.6,'2024-11-25 01:03:18'),(1175,30,56.2,'2024-11-25 01:03:28'),(1176,30.1,56.3,'2024-11-25 01:03:38'),(1177,30.1,56,'2024-11-25 01:03:48'),(1178,30.1,56.7,'2024-11-25 01:03:58'),(1179,30.1,56.8,'2024-11-25 01:04:08'),(1180,30.1,56.5,'2024-11-25 01:04:18'),(1181,30.1,56.3,'2024-11-25 01:04:28'),(1182,30.1,56.7,'2024-11-25 01:04:38'),(1183,30.1,56.5,'2024-11-25 01:04:48'),(1184,30.1,56.3,'2024-11-25 01:04:58'),(1185,30.1,56.6,'2024-11-25 01:05:08'),(1186,30.1,56.4,'2024-11-25 01:05:18'),(1187,30.1,56.7,'2024-11-25 01:05:28'),(1188,30.1,57.3,'2024-11-25 01:05:38'),(1189,30.2,57.7,'2024-11-25 01:05:48'),(1190,30.2,57.4,'2024-11-25 01:05:58'),(1191,30.2,57.2,'2024-11-25 01:06:08'),(1192,30.2,56.9,'2024-11-25 01:06:18'),(1193,30.2,56.9,'2024-11-25 01:06:28'),(1194,30.2,56.6,'2024-11-25 01:06:38'),(1195,30.2,56.2,'2024-11-25 01:06:48'),(1196,30.2,55.9,'2024-11-25 01:06:58'),(1197,30.2,55.8,'2024-11-25 01:07:08'),(1198,30.1,55.7,'2024-11-25 01:07:18'),(1199,30.1,55.7,'2024-11-25 01:07:28'),(1200,30.1,55.7,'2024-11-25 01:07:38'),(1201,30.1,55.6,'2024-11-25 01:07:48'),(1202,30.1,55.6,'2024-11-25 01:07:58'),(1203,30.1,55.5,'2024-11-25 01:08:08'),(1204,30.1,55.6,'2024-11-25 01:08:18'),(1205,30.1,55.5,'2024-11-25 01:08:28'),(1206,30.1,55.5,'2024-11-25 01:08:38'),(1207,30.1,55.5,'2024-11-25 01:08:48'),(1208,30.1,55.5,'2024-11-25 01:08:58'),(1209,30.1,55.5,'2024-11-25 01:09:08'),(1210,30.1,55.6,'2024-11-25 01:09:18'),(1211,30,55.6,'2024-11-25 01:09:28'),(1212,30,55.6,'2024-11-25 01:09:38'),(1213,30,55.7,'2024-11-25 01:09:48'),(1214,30,55.7,'2024-11-25 01:09:58'),(1215,30,55.8,'2024-11-25 01:10:08'),(1216,30,56.4,'2024-11-25 01:10:18'),(1217,30,57,'2024-11-25 01:10:28'),(1218,30,57,'2024-11-25 01:10:38'),(1219,30,56.7,'2024-11-25 01:10:48'),(1220,30,56.3,'2024-11-25 01:10:58'),(1221,30.1,56.4,'2024-11-25 01:11:08'),(1222,30.1,56.5,'2024-11-25 01:11:18'),(1223,30.1,56.2,'2024-11-25 01:11:28'),(1224,30.1,56.1,'2024-11-25 01:11:38'),(1225,30.1,56.3,'2024-11-25 01:11:48'),(1226,30.1,56.5,'2024-11-25 01:11:58'),(1227,30.1,56.3,'2024-11-25 01:12:11'),(1228,30.1,55.9,'2024-11-25 01:12:21'),(1229,30.1,55.8,'2024-11-25 01:12:31'),(1230,30.1,56.4,'2024-11-25 01:12:41'),(1231,30.1,56.9,'2024-11-25 01:12:51'),(1232,30.1,56.9,'2024-11-25 01:13:01'),(1233,30.1,56.4,'2024-11-25 01:13:11'),(1234,30.1,56.2,'2024-11-25 01:13:21'),(1235,30.1,56,'2024-11-25 01:13:31'),(1236,30.1,55.9,'2024-11-25 01:13:41'),(1237,30.1,55.8,'2024-11-25 01:13:51'),(1238,30.1,55.9,'2024-11-25 01:14:01'),(1239,30.1,56.1,'2024-11-25 01:14:11'),(1240,30.1,56,'2024-11-25 01:14:21'),(1241,30.1,56.3,'2024-11-25 01:14:31'),(1242,30.1,56.4,'2024-11-25 01:14:41'),(1243,30.1,56.3,'2024-11-25 01:14:51'),(1244,30.1,56.7,'2024-11-25 01:15:01'),(1245,30.1,56.4,'2024-11-25 01:15:11'),(1246,30.1,56.1,'2024-11-25 01:15:21'),(1247,30.1,56.1,'2024-11-25 01:15:31'),(1248,30.1,56,'2024-11-25 01:15:41'),(1249,30.1,55.8,'2024-11-25 01:15:51'),(1250,30.1,55.8,'2024-11-25 01:16:01'),(1251,30.1,55.7,'2024-11-25 01:16:11'),(1252,30.1,55.7,'2024-11-25 01:16:21'),(1253,30.1,55.7,'2024-11-25 01:16:31'),(1254,30.1,55.8,'2024-11-25 01:16:41'),(1255,30.1,56.1,'2024-11-25 01:16:51'),(1256,30.1,55.9,'2024-11-25 01:17:01'),(1257,30.1,56.1,'2024-11-25 01:17:11'),(1258,30.1,55.9,'2024-11-25 01:17:21'),(1259,30.1,55.9,'2024-11-25 01:17:31'),(1260,30.1,55.9,'2024-11-25 01:17:41'),(1261,30.1,56.8,'2024-11-25 01:17:51'),(1262,30.1,57.5,'2024-11-25 01:18:01'),(1263,30.1,57.4,'2024-11-25 01:18:11'),(1264,30.1,56.7,'2024-11-25 01:18:21'),(1265,30.1,56.4,'2024-11-25 01:18:31'),(1266,30.1,56.2,'2024-11-25 01:18:41'),(1267,30.1,56,'2024-11-25 01:18:51'),(1268,30.1,56,'2024-11-25 01:19:01'),(1269,30.1,56.6,'2024-11-25 01:19:11'),(1270,30.1,56.4,'2024-11-25 01:19:21'),(1271,30.1,56.2,'2024-11-25 01:19:31'),(1272,30.1,56.1,'2024-11-25 01:19:41'),(1273,30.1,56.4,'2024-11-25 01:19:51'),(1274,30.1,56.4,'2024-11-25 01:20:01'),(1275,30.1,56.2,'2024-11-25 01:20:11'),(1276,30.1,56.1,'2024-11-25 01:20:21'),(1277,30.1,56,'2024-11-25 01:20:31'),(1278,30.1,55.9,'2024-11-25 01:20:41'),(1279,30.1,55.9,'2024-11-25 01:20:51'),(1280,30.1,55.8,'2024-11-25 01:21:01'),(1281,30.1,55.9,'2024-11-25 01:21:11'),(1282,30.1,56,'2024-11-25 01:21:21'),(1283,30.1,56,'2024-11-25 01:21:31'),(1284,30.1,56.1,'2024-11-25 01:21:41'),(1285,30.1,56,'2024-11-25 01:21:51'),(1286,30.1,55.9,'2024-11-25 01:22:01'),(1287,30.1,55.9,'2024-11-25 01:22:11'),(1288,30.1,56,'2024-11-25 01:22:21'),(1289,30.1,56.2,'2024-11-25 01:22:31'),(1290,30.1,56.2,'2024-11-25 01:22:41'),(1291,30.1,56.1,'2024-11-25 01:22:51'),(1292,30.1,56.4,'2024-11-25 01:23:01'),(1293,30.1,56.4,'2024-11-25 01:23:11'),(1294,30.1,56.2,'2024-11-25 01:23:21'),(1295,30.1,56.3,'2024-11-25 01:23:31'),(1296,30.1,56.4,'2024-11-25 01:23:41'),(1297,30.1,56.2,'2024-11-25 01:23:51'),(1298,30.1,56.4,'2024-11-25 01:24:01'),(1299,30.1,56.2,'2024-11-25 01:24:11'),(1300,30.1,56.2,'2024-11-25 01:24:21'),(1301,30.1,56,'2024-11-25 01:24:31'),(1302,30.1,56.1,'2024-11-25 01:24:41'),(1303,30.1,56.3,'2024-11-25 01:24:51'),(1304,30.1,56.1,'2024-11-25 01:25:01'),(1305,30.1,56,'2024-11-25 01:25:11'),(1306,30.1,55.9,'2024-11-25 01:25:21'),(1307,30.1,55.9,'2024-11-25 01:25:31'),(1308,30.1,56,'2024-11-25 01:25:41'),(1309,30.1,56.2,'2024-11-25 01:25:51'),(1310,30.1,56,'2024-11-25 01:26:01'),(1311,30.1,56,'2024-11-25 01:26:11'),(1312,30.1,55.9,'2024-11-25 01:26:21'),(1313,30.1,56.1,'2024-11-25 01:26:31'),(1314,30.1,56,'2024-11-25 01:26:41'),(1315,30.1,55.9,'2024-11-25 01:26:51'),(1316,30.1,56,'2024-11-25 01:27:01'),(1317,30.1,56,'2024-11-25 01:27:11'),(1318,30.1,56.1,'2024-11-25 01:27:21'),(1319,30.1,56.5,'2024-11-25 01:27:31'),(1320,30.1,56.3,'2024-11-25 01:27:41'),(1321,30.1,56.1,'2024-11-25 01:27:51'),(1322,30.1,56,'2024-11-25 01:28:01'),(1323,30.1,56,'2024-11-25 01:28:11'),(1324,30.1,55.9,'2024-11-25 01:28:21'),(1325,30.1,56.1,'2024-11-25 01:28:31'),(1326,30.1,56.4,'2024-11-25 01:28:41'),(1327,30,57,'2024-11-25 01:28:51'),(1328,30,57.1,'2024-11-25 01:29:01'),(1329,30,56.8,'2024-11-25 01:29:11'),(1330,30,56.9,'2024-11-25 01:29:21'),(1331,30,57.3,'2024-11-25 01:29:31'),(1332,30.1,58.1,'2024-11-25 01:29:41'),(1333,30.1,58.4,'2024-11-25 01:29:51'),(1334,30.1,58.3,'2024-11-25 01:30:01'),(1335,30.1,58.4,'2024-11-25 01:30:11'),(1336,30.2,58.8,'2024-11-25 01:30:21'),(1337,30.2,58.8,'2024-11-25 01:30:31'),(1338,30.2,58.1,'2024-11-25 01:30:41'),(1339,30.2,57.3,'2024-11-25 01:30:51'),(1340,30.2,56.8,'2024-11-25 01:31:01'),(1341,30.2,56.4,'2024-11-25 01:31:11'),(1342,30.2,56.3,'2024-11-25 01:31:21'),(1343,30.2,56.2,'2024-11-25 01:31:31'),(1344,30.1,56.1,'2024-11-25 01:31:41'),(1345,30.1,56.1,'2024-11-25 01:31:51'),(1346,30.1,56.1,'2024-11-25 01:32:01'),(1347,30.1,56,'2024-11-25 01:32:11'),(1348,30.1,56,'2024-11-25 01:32:21'),(1349,30.1,55.9,'2024-11-25 01:32:31'),(1350,30.1,55.9,'2024-11-25 01:32:41'),(1351,30.1,55.9,'2024-11-25 01:32:51'),(1352,30.1,55.9,'2024-11-25 01:33:01'),(1353,30.1,55.9,'2024-11-25 01:33:11'),(1354,30.1,55.9,'2024-11-25 01:33:21'),(1355,30.1,55.9,'2024-11-25 01:33:31'),(1356,30.2,55.9,'2024-11-25 01:33:41'),(1357,30.2,55.9,'2024-11-25 01:33:51'),(1358,30.2,55.9,'2024-11-25 01:34:01'),(1359,30.2,56,'2024-11-25 01:34:11'),(1360,30.2,56,'2024-11-25 01:34:21'),(1361,30.2,56.4,'2024-11-25 01:34:31'),(1362,30.1,56.5,'2024-11-25 01:34:41'),(1363,30.2,56.4,'2024-11-25 01:34:51'),(1364,30.2,56.2,'2024-11-25 01:35:01'),(1365,30.2,56.2,'2024-11-25 01:35:11'),(1366,30.2,56.2,'2024-11-25 01:35:21'),(1367,30.2,56.2,'2024-11-25 01:35:31'),(1368,30.2,56.2,'2024-11-25 01:35:41'),(1369,30.1,56.1,'2024-11-25 01:35:51'),(1370,30.1,56.1,'2024-11-25 01:36:01'),(1371,30.1,56,'2024-11-25 01:36:11'),(1372,30.1,56.4,'2024-11-25 01:36:21'),(1373,30.2,56.4,'2024-11-25 01:36:31'),(1374,30.2,56.3,'2024-11-25 01:36:41'),(1375,30.2,56.6,'2024-11-25 01:36:51'),(1376,30.2,57.1,'2024-11-25 01:37:01'),(1377,30.2,56.7,'2024-11-25 01:37:11'),(1378,30.2,56.9,'2024-11-25 01:37:21'),(1379,30.2,57.2,'2024-11-25 01:37:31'),(1380,30.2,57.6,'2024-11-25 01:37:41'),(1381,30.3,57.5,'2024-11-25 01:37:51'),(1382,30.3,58,'2024-11-25 01:38:01'),(1383,30.3,57.9,'2024-11-25 01:38:11'),(1384,30.3,57.6,'2024-11-25 01:38:21'),(1385,30.3,57.5,'2024-11-25 01:38:31'),(1386,30.3,57,'2024-11-25 01:38:41'),(1387,30.3,56.7,'2024-11-25 01:38:51'),(1388,30.3,56.4,'2024-11-25 01:39:01'),(1389,30.4,56.2,'2024-11-25 01:39:11'),(1390,30.4,56,'2024-11-25 01:39:21'),(1391,30.3,55.9,'2024-11-25 01:39:31'),(1392,30.3,55.9,'2024-11-25 01:39:41'),(1393,30.3,55.8,'2024-11-25 01:39:51'),(1394,30.3,55.7,'2024-11-25 01:40:01'),(1395,30.3,55.7,'2024-11-25 01:40:11'),(1396,30.3,55.7,'2024-11-25 01:40:21'),(1397,30.3,55.7,'2024-11-25 01:40:31'),(1398,30.3,55.7,'2024-11-25 01:40:41'),(1399,30.3,55.7,'2024-11-25 01:40:51'),(1400,30.2,55.7,'2024-11-25 01:41:01'),(1401,30.2,55.7,'2024-11-25 01:41:11'),(1402,30.2,55.8,'2024-11-25 01:41:21'),(1403,30.2,55.8,'2024-11-25 01:41:31'),(1404,30.2,55.7,'2024-11-25 01:41:41'),(1405,30.2,55.8,'2024-11-25 01:41:51'),(1406,30.2,56.2,'2024-11-25 01:42:01'),(1407,30.2,56.4,'2024-11-25 01:42:11'),(1408,30.2,56.2,'2024-11-25 01:42:21'),(1409,30.2,56.1,'2024-11-25 01:42:31'),(1410,30.2,56.2,'2024-11-25 01:42:41'),(1411,30.2,56.2,'2024-11-25 01:42:51'),(1412,30.2,56,'2024-11-25 01:43:01'),(1413,30.2,56,'2024-11-25 01:43:11'),(1414,30.2,55.9,'2024-11-25 01:43:21'),(1415,30.2,55.8,'2024-11-25 01:43:31'),(1416,30.2,55.8,'2024-11-25 01:43:41'),(1417,30.2,56,'2024-11-25 01:43:51'),(1418,30.1,56.1,'2024-11-25 01:44:01'),(1419,30.1,56.4,'2024-11-25 01:44:11'),(1420,30.1,57.1,'2024-11-25 01:44:21'),(1421,30.2,57.1,'2024-11-25 01:44:31'),(1422,30.2,56.5,'2024-11-25 01:44:41'),(1423,30.2,56.4,'2024-11-25 01:44:51'),(1424,30.2,56.8,'2024-11-25 01:45:01'),(1425,30.2,57.2,'2024-11-25 01:45:11'),(1426,30.2,56.8,'2024-11-25 01:45:21'),(1427,30.2,56.5,'2024-11-25 01:45:31'),(1428,30.2,56.5,'2024-11-25 01:45:41'),(1429,30.2,56.3,'2024-11-25 01:45:51'),(1430,30.2,56.2,'2024-11-25 01:46:01'),(1431,30.2,56.1,'2024-11-25 01:46:11'),(1432,30.2,56,'2024-11-25 01:46:21'),(1433,30.1,56,'2024-11-25 01:46:31'),(1434,30.1,56.1,'2024-11-25 01:46:41'),(1435,30.1,56.3,'2024-11-25 01:46:51'),(1436,30.1,56.3,'2024-11-25 01:47:01'),(1437,30.1,56.1,'2024-11-25 01:47:11'),(1438,30.1,56.1,'2024-11-25 01:47:21'),(1439,30.1,56,'2024-11-25 01:47:31'),(1440,30.1,56.1,'2024-11-25 01:47:41'),(1441,30.1,56.1,'2024-11-25 01:47:51'),(1442,30.1,56.1,'2024-11-25 01:48:01'),(1443,30.1,56.1,'2024-11-25 01:48:11'),(1444,30.1,56.1,'2024-11-25 01:48:21'),(1445,30.1,56.6,'2024-11-25 01:48:31'),(1446,30.1,57.1,'2024-11-25 01:48:41'),(1447,30.1,57.7,'2024-11-25 01:48:51'),(1448,30.2,57.8,'2024-11-25 01:49:01'),(1449,30.1,57.1,'2024-11-25 01:49:11'),(1450,30.1,56.7,'2024-11-25 01:49:21'),(1451,30.1,56.4,'2024-11-25 01:49:31'),(1452,30.1,56.3,'2024-11-25 01:49:41'),(1453,30.1,56.3,'2024-11-25 01:49:51'),(1454,30.1,56.2,'2024-11-25 01:50:01'),(1455,30.1,56.1,'2024-11-25 01:50:11'),(1456,30.1,56,'2024-11-25 01:50:21'),(1457,30.1,56,'2024-11-25 01:50:31'),(1458,30.1,56,'2024-11-25 01:50:41'),(1459,30.1,56,'2024-11-25 01:50:51'),(1460,30.1,56.1,'2024-11-25 01:51:01'),(1461,30.1,56.1,'2024-11-25 01:51:11'),(1462,30.1,56.1,'2024-11-25 01:51:21'),(1463,30.1,57.3,'2024-11-25 01:51:31'),(1464,30.1,57.9,'2024-11-25 01:51:41'),(1465,30.1,57.8,'2024-11-25 01:51:51'),(1466,30.1,58.1,'2024-11-25 01:52:01'),(1467,30.1,57.9,'2024-11-25 01:52:11'),(1468,30.1,57.6,'2024-11-25 01:52:21'),(1469,30.2,57.4,'2024-11-25 01:52:31'),(1470,30.2,57,'2024-11-25 01:52:41'),(1471,30.2,56.7,'2024-11-25 01:52:51'),(1472,30.2,56.4,'2024-11-25 01:53:01'),(1473,30.1,56.2,'2024-11-25 01:53:11'),(1474,30.1,56.2,'2024-11-25 01:53:21'),(1475,30.1,56.1,'2024-11-25 01:53:31'),(1476,30.1,57.1,'2024-11-25 01:53:41'),(1477,30.2,57.9,'2024-11-25 01:53:51'),(1478,30.2,57.4,'2024-11-25 01:54:01'),(1479,30.2,57.5,'2024-11-25 01:54:11'),(1480,30.2,57.3,'2024-11-25 01:54:21'),(1481,30.2,57,'2024-11-25 01:54:31'),(1482,30.2,56.9,'2024-11-25 01:54:41'),(1483,30.2,56.7,'2024-11-25 01:54:51'),(1484,30.1,56.6,'2024-11-25 01:55:01'),(1485,30.1,56.4,'2024-11-25 01:55:11'),(1486,30.1,56.4,'2024-11-25 01:55:21'),(1487,30.1,56.5,'2024-11-25 01:55:31'),(1488,30.1,56.9,'2024-11-25 01:55:41'),(1489,30.1,57,'2024-11-25 01:55:51'),(1490,30.1,56.8,'2024-11-25 01:56:01'),(1491,30.1,56.6,'2024-11-25 01:56:11'),(1492,30.1,56.8,'2024-11-25 01:56:21'),(1493,30.1,56.7,'2024-11-25 01:56:31'),(1494,30.2,57.5,'2024-11-25 01:56:41'),(1495,30.2,57.5,'2024-11-25 01:56:51'),(1496,30.2,57.5,'2024-11-25 01:57:01'),(1497,30.2,57.6,'2024-11-25 01:57:11'),(1498,30.3,57.8,'2024-11-25 01:57:21'),(1499,30.2,57.4,'2024-11-25 01:57:31'),(1500,30.2,57.6,'2024-11-25 01:57:41'),(1501,30.2,57.3,'2024-11-25 01:57:51'),(1502,30.2,56.9,'2024-11-25 01:58:01'),(1503,30.2,56.6,'2024-11-25 01:58:11'),(1504,30.3,56.4,'2024-11-25 01:58:21'),(1505,30.3,56.3,'2024-11-25 01:58:31'),(1506,30.3,56.3,'2024-11-25 01:58:41'),(1507,30.3,56.2,'2024-11-25 01:58:51'),(1508,30.3,56.1,'2024-11-25 01:59:01'),(1509,30.3,56,'2024-11-25 01:59:11'),(1510,30.3,56,'2024-11-25 01:59:21'),(1511,30.2,55.9,'2024-11-25 01:59:31'),(1512,30.2,55.9,'2024-11-25 01:59:41'),(1513,30.2,55.9,'2024-11-25 01:59:51'),(1514,30.2,55.9,'2024-11-25 02:00:01'),(1515,30.2,55.9,'2024-11-25 02:00:11'),(1516,30.2,55.9,'2024-11-25 02:00:21'),(1517,30.2,56,'2024-11-25 02:00:31'),(1518,30.2,55.9,'2024-11-25 02:00:41'),(1519,30.2,56.1,'2024-11-25 02:00:51'),(1520,30.2,57.3,'2024-11-25 02:01:01'),(1521,30.2,57.9,'2024-11-25 02:01:11'),(1522,30.2,57.6,'2024-11-25 02:01:21'),(1523,30.2,56.9,'2024-11-25 02:01:31'),(1524,30.2,56.7,'2024-11-25 02:01:41'),(1525,30.2,56.9,'2024-11-25 02:01:51'),(1526,30.2,56.6,'2024-11-25 02:02:01'),(1527,30.2,57.1,'2024-11-25 02:02:11'),(1528,30.2,58.2,'2024-11-25 02:02:21'),(1529,30.2,57.9,'2024-11-25 02:02:31'),(1530,30.2,57.3,'2024-11-25 02:02:41'),(1531,30.2,56.9,'2024-11-25 02:02:51'),(1532,30.2,56.8,'2024-11-25 02:03:01'),(1533,30.2,56.6,'2024-11-25 02:03:11'),(1534,30.2,56.4,'2024-11-25 02:03:21'),(1535,30.2,56.3,'2024-11-25 02:03:31'),(1536,30.2,56.2,'2024-11-25 02:03:41'),(1537,30.2,56.1,'2024-11-25 02:03:51'),(1538,30.2,56.1,'2024-11-25 02:04:01'),(1539,30.2,56.1,'2024-11-25 02:04:11'),(1540,30.2,56.1,'2024-11-25 02:04:21'),(1541,30.2,56.4,'2024-11-25 02:04:31'),(1542,30.2,57.6,'2024-11-25 02:04:41'),(1543,30.2,57.2,'2024-11-25 02:04:51'),(1544,30.2,56.8,'2024-11-25 02:05:01'),(1545,30.2,56.6,'2024-11-25 02:05:11'),(1546,30.2,56.4,'2024-11-25 02:05:21'),(1547,30.2,56.3,'2024-11-25 02:05:31'),(1548,30.2,56.2,'2024-11-25 02:05:41'),(1549,30.2,56.2,'2024-11-25 02:05:51'),(1550,30.1,56.2,'2024-11-25 02:06:01'),(1551,30.1,56.2,'2024-11-25 02:06:11'),(1552,30.1,57.4,'2024-11-25 02:06:21'),(1553,30.1,57.3,'2024-11-25 02:06:31'),(1554,30.2,57.9,'2024-11-25 02:06:41'),(1555,30.2,57.7,'2024-11-25 02:06:51'),(1556,30.2,57.4,'2024-11-25 02:07:01'),(1557,30.2,57.2,'2024-11-25 02:07:11'),(1558,30.2,57.4,'2024-11-25 02:07:21'),(1559,30.2,57,'2024-11-25 02:07:31'),(1560,30.2,56.7,'2024-11-25 02:07:41'),(1561,30.2,56.6,'2024-11-25 02:07:51'),(1562,30.2,56.6,'2024-11-25 02:08:01'),(1563,30.2,56.6,'2024-11-25 02:08:11'),(1564,30.2,57,'2024-11-25 02:08:21'),(1565,30.2,57.1,'2024-11-25 02:08:31'),(1566,30.2,57,'2024-11-25 02:08:41'),(1567,30.1,57.3,'2024-11-25 02:08:51'),(1568,30.1,57.2,'2024-11-25 02:09:01'),(1569,30.1,56.9,'2024-11-25 02:09:11'),(1570,30.1,57.1,'2024-11-25 02:09:21'),(1571,30.1,57.5,'2024-11-25 02:09:31'),(1572,30.1,57.5,'2024-11-25 02:09:44'),(1573,30.1,57.3,'2024-11-25 02:09:51'),(1574,30.1,57.2,'2024-11-25 02:10:01'),(1575,30.2,57,'2024-11-25 02:10:11'),(1576,30.2,56.9,'2024-11-25 02:10:21'),(1577,30.2,56.7,'2024-11-25 02:10:31'),(1578,30.2,56.5,'2024-11-25 02:10:41'),(1579,30.2,56.6,'2024-11-25 02:10:51'),(1580,30.2,56.5,'2024-11-25 02:11:01'),(1581,30.2,56.8,'2024-11-25 02:11:11'),(1582,30.2,56.7,'2024-11-25 02:11:21'),(1583,30.2,56.7,'2024-11-25 02:11:31'),(1584,30.2,56.5,'2024-11-25 02:11:41'),(1585,30.2,56.5,'2024-11-25 02:11:51'),(1586,30.3,57.8,'2024-11-25 02:12:01'),(1587,30.3,58.1,'2024-11-25 02:12:11'),(1588,30.3,57.9,'2024-11-25 02:12:21'),(1589,30.3,57.2,'2024-11-25 02:12:31'),(1590,30.3,56.8,'2024-11-25 02:12:41'),(1591,30.3,56.7,'2024-11-25 02:12:51'),(1592,30.3,56.6,'2024-11-25 02:13:01'),(1593,30.3,56.6,'2024-11-25 02:13:11'),(1594,30.3,56.5,'2024-11-25 02:13:21'),(1595,30.3,56.6,'2024-11-25 02:13:31'),(1596,30.2,56.6,'2024-11-25 02:13:41'),(1597,30.2,56.6,'2024-11-25 02:13:52'),(1598,30.2,56.5,'2024-11-25 02:14:01'),(1599,30.2,56.5,'2024-11-25 02:14:11'),(1600,30.2,56.4,'2024-11-25 02:14:21'),(1601,30.2,56.5,'2024-11-25 02:14:31'),(1602,30.2,56.5,'2024-11-25 02:14:41'),(1603,30.2,56.4,'2024-11-25 02:14:51'),(1604,30.1,56.4,'2024-11-25 02:15:01'),(1605,30.1,56.5,'2024-11-25 02:15:11'),(1606,30.1,56.7,'2024-11-25 02:15:21'),(1607,30.1,56.6,'2024-11-25 02:15:31'),(1608,30.2,56.6,'2024-11-25 02:15:41'),(1609,30.2,56.6,'2024-11-25 02:15:51'),(1610,30.2,57,'2024-11-25 02:16:01'),(1611,30.2,57,'2024-11-25 02:16:11'),(1612,30.2,57.1,'2024-11-25 02:16:21'),(1613,30.2,56.9,'2024-11-25 02:16:31'),(1614,30.2,57.8,'2024-11-25 02:16:41'),(1615,30.2,57.3,'2024-11-25 02:16:51'),(1616,30.2,57,'2024-11-25 02:17:01'),(1617,30.1,56.9,'2024-11-25 02:17:11'),(1618,30.1,56.8,'2024-11-25 02:17:21'),(1619,30.1,56.8,'2024-11-25 02:17:31'),(1620,30.1,56.7,'2024-11-25 02:17:41'),(1621,30.1,56.9,'2024-11-25 02:17:51'),(1622,30.1,56.8,'2024-11-25 02:18:01'),(1623,30.1,56.7,'2024-11-25 02:18:11'),(1624,30.1,56.9,'2024-11-25 02:18:21'),(1625,30.1,56.8,'2024-11-25 02:18:31'),(1626,30.1,56.7,'2024-11-25 02:18:41'),(1627,30.1,56.8,'2024-11-25 02:18:51'),(1628,30.1,56.7,'2024-11-25 02:19:04'),(1629,30.1,56.8,'2024-11-25 02:19:11'),(1630,30.1,56.8,'2024-11-25 02:19:21'),(1631,30.1,56.7,'2024-11-25 02:19:31'),(1632,30.1,56.7,'2024-11-25 02:19:41'),(1633,30.1,56.8,'2024-11-25 02:19:51'),(1634,30.1,56.9,'2024-11-25 02:20:01'),(1635,30.1,56.9,'2024-11-25 02:20:11'),(1636,30.1,56.8,'2024-11-25 02:20:21'),(1637,30.1,56.8,'2024-11-25 02:20:31'),(1638,30.1,56.8,'2024-11-25 02:20:41'),(1639,30.1,56.8,'2024-11-25 02:20:51'),(1640,30.1,56.8,'2024-11-25 02:21:02'),(1641,30.1,56.8,'2024-11-25 02:21:12'),(1642,30.1,56.8,'2024-11-25 02:21:21'),(1643,30.1,56.8,'2024-11-25 02:21:31'),(1644,30.1,56.9,'2024-11-25 02:21:41'),(1645,30.1,57,'2024-11-25 02:21:51'),(1646,30.1,57,'2024-11-25 02:22:01'),(1647,30.1,57.1,'2024-11-25 02:22:11'),(1648,30.1,57.3,'2024-11-25 02:22:21'),(1649,30.1,57.4,'2024-11-25 02:22:31'),(1650,30.1,57.3,'2024-11-25 02:22:41'),(1651,30.1,56.9,'2024-11-25 02:22:51'),(1652,30.1,56.9,'2024-11-25 02:23:01'),(1653,30.1,56.8,'2024-11-25 02:23:11'),(1654,30.2,56.7,'2024-11-25 02:23:21'),(1655,30.2,56.7,'2024-11-25 02:23:31'),(1656,30.2,56.6,'2024-11-25 02:23:41'),(1657,30.2,56.5,'2024-11-25 02:23:51'),(1658,30.2,56.9,'2024-11-25 02:24:01'),(1659,30.2,56.9,'2024-11-25 02:24:11'),(1660,30.2,56.7,'2024-11-25 02:24:21'),(1661,30.2,56.6,'2024-11-25 02:24:31'),(1662,30.2,56.6,'2024-11-25 02:24:41'),(1663,30.2,57,'2024-11-25 02:24:51'),(1664,30.2,57,'2024-11-25 02:25:01'),(1665,30.2,57.2,'2024-11-25 02:25:11'),(1666,30.2,57,'2024-11-25 02:25:21'),(1667,30.2,56.8,'2024-11-25 02:25:31'),(1668,30.2,56.7,'2024-11-25 02:25:41'),(1669,30.2,56.8,'2024-11-25 02:25:51'),(1670,30.2,56.7,'2024-11-25 02:26:01'),(1671,30.2,56.6,'2024-11-25 02:26:11'),(1672,30.2,56.5,'2024-11-25 02:26:21'),(1673,30.2,56.8,'2024-11-25 02:26:31'),(1674,30.2,56.9,'2024-11-25 02:26:41'),(1675,30.1,56.8,'2024-11-25 02:26:51'),(1676,30.1,56.8,'2024-11-25 02:27:01'),(1677,30.2,57.4,'2024-11-25 02:27:11'),(1678,30.1,57.1,'2024-11-25 02:27:21'),(1679,30.1,57.3,'2024-11-25 02:27:31'),(1680,30.1,57.4,'2024-11-25 02:27:41'),(1681,30.1,57.2,'2024-11-25 02:27:51'),(1682,30.1,57.4,'2024-11-25 02:28:01'),(1683,30.1,57,'2024-11-25 02:28:11'),(1684,30.2,57.6,'2024-11-25 02:30:23'),(1685,30.2,57.7,'2024-11-25 02:30:30'),(1686,30.2,57.3,'2024-11-25 02:30:40'),(1687,30.2,57,'2024-11-25 02:30:50'),(1688,30.2,57,'2024-11-25 02:31:00'),(1689,30.2,56.9,'2024-11-25 02:31:10'),(1690,30.2,57.6,'2024-11-25 02:31:20'),(1691,30.2,57.5,'2024-11-25 02:31:30'),(1692,30.2,57.5,'2024-11-25 02:31:40'),(1693,30.2,57.6,'2024-11-25 02:31:50'),(1694,30.2,57.6,'2024-11-25 02:32:00'),(1695,30.2,57.9,'2024-11-25 02:32:10'),(1696,30.2,57.8,'2024-11-25 02:32:20'),(1697,30.2,58,'2024-11-25 02:32:30'),(1698,30.2,57.9,'2024-11-25 02:32:40'),(1699,30.1,57.9,'2024-11-25 02:32:50'),(1700,30.1,57.5,'2024-11-25 02:33:00'),(1701,30.1,57.3,'2024-11-25 02:33:10'),(1702,30.1,57.1,'2024-11-25 02:33:20'),(1703,30.1,57.2,'2024-11-25 02:33:30'),(1704,30.1,57.1,'2024-11-25 02:33:40'),(1705,30.1,57,'2024-11-25 02:33:50'),(1706,30.1,56.9,'2024-11-25 02:34:00'),(1707,30.1,56.9,'2024-11-25 02:34:10'),(1708,30.1,56.8,'2024-11-25 02:34:20'),(1709,30.1,56.8,'2024-11-25 02:34:30'),(1710,30.1,57.2,'2024-11-25 02:34:40'),(1711,30.1,57.2,'2024-11-25 02:34:50'),(1712,30.1,57.3,'2024-11-25 02:35:00'),(1713,30.1,57.1,'2024-11-25 02:35:10'),(1714,30.1,56.9,'2024-11-25 02:35:20'),(1715,30.1,56.8,'2024-11-25 02:35:30'),(1716,30.1,56.9,'2024-11-25 02:35:40'),(1717,30.1,57,'2024-11-25 02:35:50'),(1718,30.1,56.9,'2024-11-25 02:36:00'),(1719,30.1,56.9,'2024-11-25 02:36:10'),(1720,30.1,56.9,'2024-11-25 02:36:20'),(1721,30.1,56.9,'2024-11-25 02:36:30'),(1722,30.1,57.3,'2024-11-25 02:36:40'),(1723,30.1,57.5,'2024-11-25 02:36:50'),(1724,30.1,57.4,'2024-11-25 02:37:00'),(1725,30.1,57.4,'2024-11-25 02:37:10'),(1726,30.1,57.4,'2024-11-25 02:37:20'),(1727,30.1,57.3,'2024-11-25 02:37:30'),(1728,30.1,57.2,'2024-11-25 02:37:40'),(1729,30.1,57.1,'2024-11-25 02:37:50'),(1730,30.1,57,'2024-11-25 02:38:00'),(1731,30.1,57,'2024-11-25 02:38:10'),(1732,30.1,57,'2024-11-25 02:38:20'),(1733,30.1,57,'2024-11-25 02:38:30'),(1734,30.2,56.9,'2024-11-25 02:38:40'),(1735,30.2,56.8,'2024-11-25 02:38:50'),(1736,30.2,56.8,'2024-11-25 02:39:00'),(1737,30.2,56.7,'2024-11-25 02:39:10'),(1738,30.2,56.7,'2024-11-25 02:39:20'),(1739,30.2,56.7,'2024-11-25 02:39:30'),(1740,30.2,56.6,'2024-11-25 02:39:40'),(1741,30.2,56.6,'2024-11-25 02:39:50'),(1742,30.2,56.7,'2024-11-25 02:40:00'),(1743,30.2,57.3,'2024-11-25 02:40:10'),(1744,30.2,57.3,'2024-11-25 02:40:20'),(1745,30.2,57.1,'2024-11-25 02:40:30'),(1746,30.2,57.1,'2024-11-25 02:40:40'),(1747,30.2,57,'2024-11-25 02:40:50'),(1748,30.2,57.1,'2024-11-25 02:41:00'),(1749,30.2,57.2,'2024-11-25 02:41:10'),(1750,30.2,57.2,'2024-11-25 02:41:20'),(1751,30.2,57.3,'2024-11-25 02:41:30'),(1752,30.2,57.6,'2024-11-25 02:41:40'),(1753,30.2,57.7,'2024-11-25 02:41:50'),(1754,30.2,57.4,'2024-11-25 02:42:00'),(1755,30.2,57.1,'2024-11-25 02:42:10'),(1756,30.3,57,'2024-11-25 02:42:20'),(1757,30.3,57.1,'2024-11-25 02:42:30'),(1758,30.3,57,'2024-11-25 02:42:40'),(1759,30.3,56.9,'2024-11-25 02:42:50'),(1760,30.3,57,'2024-11-25 02:43:00'),(1761,30.2,57,'2024-11-25 02:43:10'),(1762,30.2,56.9,'2024-11-25 02:43:20'),(1763,30.2,56.9,'2024-11-25 02:43:30'),(1764,30.2,57.3,'2024-11-25 02:43:40'),(1765,30.2,57.4,'2024-11-25 02:43:50'),(1766,30.2,57.1,'2024-11-25 02:44:00'),(1767,28.9,67.8,'2024-11-25 22:34:15'),(1768,29,67.3,'2024-11-25 22:34:22'),(1769,29,67,'2024-11-25 22:34:32'),(1770,29,66.4,'2024-11-25 22:34:42'),(1771,29,66.2,'2024-11-25 22:34:52'),(1772,29.1,65.9,'2024-11-25 22:35:02'),(1773,29.1,65.7,'2024-11-25 22:35:12'),(1774,29.1,65.5,'2024-11-25 22:35:22'),(1775,29.2,65.3,'2024-11-25 22:35:32'),(1776,29.2,65.1,'2024-11-25 22:35:42'),(1777,29.2,65.1,'2024-11-25 22:35:52'),(1778,29.2,65.4,'2024-11-25 22:36:02'),(1779,29.2,65.6,'2024-11-25 22:36:12'),(1780,29.3,65.6,'2024-11-25 22:36:22'),(1781,29.3,65.3,'2024-11-25 22:36:32'),(1782,29.3,65,'2024-11-25 22:36:42'),(1783,29.4,64.7,'2024-11-25 22:36:52'),(1784,29.4,64.7,'2024-11-25 22:37:02'),(1785,29.4,64.7,'2024-11-25 22:37:12'),(1786,29.4,64.6,'2024-11-25 22:37:22'),(1787,29.5,64.5,'2024-11-25 22:37:32'),(1788,29.5,64.6,'2024-11-25 22:37:42'),(1789,29.5,64.4,'2024-11-25 22:37:52'),(1790,29.5,64.3,'2024-11-25 22:38:02'),(1791,29.6,64.2,'2024-11-25 22:38:12'),(1792,29.6,64.2,'2024-11-25 22:38:22'),(1793,29.6,64.3,'2024-11-25 22:38:32'),(1794,29.6,64.3,'2024-11-25 22:38:42'),(1795,29.6,64.1,'2024-11-25 22:38:52'),(1796,29.6,63.9,'2024-11-25 22:39:02'),(1797,29.7,64.1,'2024-11-25 22:39:12'),(1798,29.7,64.2,'2024-11-25 22:39:22'),(1799,29.7,64,'2024-11-25 22:39:32'),(1800,29.7,63.7,'2024-11-25 22:39:42'),(1801,29.7,63.6,'2024-11-25 22:39:52'),(1802,29.7,64,'2024-11-25 22:40:02'),(1803,29.7,64.1,'2024-11-25 22:40:12'),(1804,29.7,63.8,'2024-11-25 22:40:22'),(1805,29.7,63.6,'2024-11-25 22:40:32'),(1806,29.7,63.8,'2024-11-25 22:40:42'),(1807,29.7,63.7,'2024-11-25 22:40:52'),(1808,29.7,63.5,'2024-11-25 22:41:02'),(1809,29.8,63.3,'2024-11-25 22:41:12'),(1810,29.8,63.1,'2024-11-25 22:41:22'),(1811,29.8,62.9,'2024-11-25 22:41:32'),(1812,29.8,62.8,'2024-11-25 22:41:42'),(1813,29.8,62.8,'2024-11-25 22:41:52'),(1814,29.8,62.8,'2024-11-25 22:42:02'),(1815,29.8,63,'2024-11-25 22:42:12'),(1816,29.8,62.9,'2024-11-25 22:42:22'),(1817,29.8,62.8,'2024-11-25 22:42:32'),(1818,29.8,62.7,'2024-11-25 22:42:42'),(1819,29.8,62.7,'2024-11-25 22:42:52'),(1820,29.8,62.5,'2024-11-25 22:43:02'),(1821,29.8,62.4,'2024-11-25 22:43:12'),(1822,29.8,62.4,'2024-11-25 22:43:22'),(1823,29.8,62.2,'2024-11-25 22:43:32'),(1824,29.8,62.2,'2024-11-25 22:43:42'),(1825,29.8,62.2,'2024-11-25 22:43:52'),(1826,29.8,62.2,'2024-11-25 22:44:02'),(1827,29.8,62.4,'2024-11-25 22:44:12'),(1828,29.8,62.4,'2024-11-25 22:44:22'),(1829,29.8,62.3,'2024-11-25 22:44:32'),(1830,29.8,62.4,'2024-11-25 22:44:42'),(1831,29.8,62.3,'2024-11-25 22:44:52'),(1832,29.8,62.2,'2024-11-25 22:45:02'),(1833,29.8,62.1,'2024-11-25 22:45:12'),(1834,29.8,62.2,'2024-11-25 22:45:22'),(1835,29.8,62.2,'2024-11-25 22:45:32'),(1836,29.8,62.2,'2024-11-25 22:45:42'),(1837,29.8,62.2,'2024-11-25 22:45:52'),(1838,29.8,62.2,'2024-11-25 22:46:02'),(1839,29.8,62.3,'2024-11-25 22:46:21'),(1840,29.8,62.3,'2024-11-25 22:46:31'),(1841,29.8,62.2,'2024-11-25 22:46:41'),(1842,29.8,62.3,'2024-11-25 22:46:51'),(1843,29.7,62.3,'2024-11-25 22:47:01'),(1844,29.7,62.2,'2024-11-25 22:47:11'),(1845,29.7,62.2,'2024-11-25 22:47:21'),(1846,29.7,62.2,'2024-11-25 22:47:31'),(1847,29.7,62.3,'2024-11-25 22:47:41'),(1848,29.7,62.3,'2024-11-25 22:47:51'),(1849,29.7,62.3,'2024-11-25 22:48:01'),(1850,29.7,62.3,'2024-11-25 22:48:11'),(1851,29.7,62.5,'2024-11-25 22:48:21'),(1852,29.7,62.5,'2024-11-25 22:48:31'),(1853,29.7,62.5,'2024-11-25 22:48:41'),(1854,29.7,62.5,'2024-11-25 22:48:51'),(1855,29.7,62.5,'2024-11-25 22:49:01'),(1856,29.7,62.4,'2024-11-25 22:49:11'),(1857,29.7,62.6,'2024-11-25 22:49:21'),(1858,29.6,62.7,'2024-11-25 22:49:31'),(1859,29.6,62.8,'2024-11-25 22:49:41'),(1860,29.6,62.8,'2024-11-25 22:49:51'),(1861,29.6,62.9,'2024-11-25 22:50:01'),(1862,29.6,63,'2024-11-25 22:50:11'),(1863,29.6,63,'2024-11-25 22:50:21'),(1864,29.6,63.2,'2024-11-25 22:50:31'),(1865,29.6,63.2,'2024-11-25 22:50:41'),(1866,29.7,63,'2024-11-25 22:50:51'),(1867,29.7,62.8,'2024-11-25 22:51:01'),(1868,29.7,62.7,'2024-11-25 22:51:11'),(1869,29.7,62.5,'2024-11-25 22:51:21'),(1870,29.8,62.7,'2024-11-25 22:51:31'),(1871,29.8,62.6,'2024-11-25 22:51:41'),(1872,29.8,62.3,'2024-11-25 22:51:51'),(1873,29.8,62.1,'2024-11-25 22:52:01'),(1874,29.8,62,'2024-11-25 22:52:11'),(1875,29.8,61.8,'2024-11-25 22:52:21'),(1876,29.8,61.7,'2024-11-25 22:52:31'),(1877,29.8,61.6,'2024-11-25 22:52:41'),(1878,29.8,61.8,'2024-11-25 22:52:51');
/*!40000 ALTER TABLE `sensor_data` ENABLE KEYS */;
UNLOCK TABLES;

--
-- Table structure for table `users`
--

DROP TABLE IF EXISTS `users`;
/*!40101 SET @saved_cs_client     = @@character_set_client */;
/*!50503 SET character_set_client = utf8mb4 */;
CREATE TABLE `users` (
  `id` int NOT NULL AUTO_INCREMENT,
  `username` varchar(255) NOT NULL,
  `password` varchar(255) NOT NULL,
  `role` enum('admin','user') NOT NULL DEFAULT 'user',
  PRIMARY KEY (`id`),
  UNIQUE KEY `username` (`username`)
) ENGINE=InnoDB AUTO_INCREMENT=5 DEFAULT CHARSET=utf8mb4 COLLATE=utf8mb4_0900_ai_ci;
/*!40101 SET character_set_client = @saved_cs_client */;

--
-- Dumping data for table `users`
--

LOCK TABLES `users` WRITE;
/*!40000 ALTER TABLE `users` DISABLE KEYS */;
INSERT INTO `users` VALUES (1,'user1','$2a$08$HpZ5V6Yg.GGIzH3iH0KO0.N94hsTmd9ZR86WFk/zFDu/Zfm4u7BVK','user'),(2,'admin','$2a$08$itLk295r8tcWVhXMaLdFce01bEDK5eHKv6uwF0yXnshZAVzYvHABm','admin');
/*!40000 ALTER TABLE `users` ENABLE KEYS */;
UNLOCK TABLES;
/*!40103 SET TIME_ZONE=@OLD_TIME_ZONE */;

/*!40101 SET SQL_MODE=@OLD_SQL_MODE */;
/*!40014 SET FOREIGN_KEY_CHECKS=@OLD_FOREIGN_KEY_CHECKS */;
/*!40014 SET UNIQUE_CHECKS=@OLD_UNIQUE_CHECKS */;
/*!40101 SET CHARACTER_SET_CLIENT=@OLD_CHARACTER_SET_CLIENT */;
/*!40101 SET CHARACTER_SET_RESULTS=@OLD_CHARACTER_SET_RESULTS */;
/*!40101 SET COLLATION_CONNECTION=@OLD_COLLATION_CONNECTION */;
/*!40111 SET SQL_NOTES=@OLD_SQL_NOTES */;

-- Dump completed on 2024-11-25 23:01:22
